,no_of_dependents,education,self_employed,income_annum,loan_amount,loan_term,cibil_score,loan_status,Assets
0,2,1,0,9600000,29900000,12,778,1,50700000
1,0,0,1,4100000,12200000,8,417,0,17000000
2,3,1,0,9100000,29700000,20,506,0,57700000
3,3,1,0,8200000,30700000,8,467,0,52700000
4,5,0,1,9800000,24200000,20,382,0,55000000
5,0,1,1,4800000,13500000,10,319,0,33900000
6,5,1,0,8700000,33000000,4,678,1,70800000
7,2,1,1,5700000,15000000,20,382,0,36700000
8,0,1,1,800000,2200000,20,782,1,5500000
9,5,0,0,1100000,4300000,10,388,0,9500000
10,4,1,1,2900000,11200000,2,547,1,25400000
11,2,0,1,6700000,22700000,18,538,0,47900000
12,3,0,1,5000000,11600000,16,311,0,34900000
13,2,1,1,9100000,31500000,14,679,1,53300000
14,1,0,0,1900000,7400000,6,469,0,10900000
15,5,0,0,4700000,10700000,10,794,1,30400000
16,2,1,1,500000,1600000,4,663,1,3400000
17,4,0,1,2900000,9400000,14,780,1,16700000
18,2,1,0,2700000,10300000,10,736,1,10500000
19,5,1,0,6300000,14600000,12,652,1,43200000
20,2,1,0,5000000,19400000,12,315,0,35200000
21,4,1,0,5800000,14000000,16,530,0,42700000
22,4,1,1,6500000,25700000,18,311,0,42800000
23,0,0,1,500000,1400000,2,551,1,2900000
24,0,0,0,4900000,9800000,16,324,0,25800000
25,5,0,0,3100000,9500000,20,514,0,20200000
26,4,1,0,8200000,28100000,12,696,1,54600000
27,4,0,1,2400000,5600000,4,662,1,16600000
28,5,0,1,7000000,24000000,6,336,0,51400000
29,3,0,1,9000000,31500000,10,850,1,75900000
30,2,0,0,9800000,25300000,12,313,0,60200000
31,2,1,0,5700000,12000000,6,363,0,37000000
32,1,0,1,800000,1600000,10,436,0,4100000
33,5,0,1,8400000,22000000,2,830,1,33000000
34,3,1,0,4900000,11900000,8,612,1,35700000
35,2,1,1,1700000,3400000,8,691,1,12400000
36,3,0,0,1600000,6200000,18,636,1,10800000
37,5,1,1,8000000,27200000,6,348,0,30500000
38,5,1,0,3600000,7700000,16,830,1,21200000
39,3,0,1,1500000,5100000,6,352,0,6800000
40,1,1,0,7800000,18100000,2,712,1,50500000
41,2,0,0,9100000,24900000,16,822,1,70600000
42,3,1,0,1400000,3400000,6,540,0,6400000
43,2,1,1,800000,2300000,12,342,0,6100000
44,5,1,0,6500000,13400000,18,787,1,40100000
45,4,1,0,8000000,27800000,16,331,0,51600000
46,3,0,1,4200000,14600000,6,679,1,22900000
47,1,1,1,4900000,19100000,14,677,1,38700000
48,3,0,0,5500000,20500000,12,634,1,36100000
49,1,0,1,9500000,19100000,16,662,1,60000000
50,4,1,0,7300000,25400000,16,502,0,33300000
51,2,1,0,8700000,24700000,10,435,0,43400000
52,5,0,0,3800000,7600000,4,689,1,21500000
53,1,0,1,8400000,23000000,12,657,1,70300000
54,2,1,1,5100000,19700000,20,590,1,39500000
55,5,0,0,6700000,24500000,12,818,1,29300000
56,2,0,0,4300000,10600000,18,431,0,18100000
57,5,1,1,9300000,30500000,18,841,1,72900000
58,1,1,0,7400000,18400000,20,421,0,49200000
59,4,0,1,5500000,18200000,16,797,1,28200000
60,2,0,0,8500000,18900000,18,478,0,77400000
61,3,0,1,9600000,30500000,18,669,1,42400000
62,5,0,1,8800000,28900000,6,365,0,65100000
63,3,0,1,3300000,7500000,20,586,1,20600000
64,4,1,1,3900000,12300000,18,784,1,30400000
65,1,1,0,4100000,10300000,12,364,0,33300000
66,3,0,0,8300000,29100000,10,715,1,54000000
67,0,0,1,2700000,10100000,20,693,0,9200000
68,4,1,0,5600000,12400000,4,777,1,25900000
69,0,1,0,1900000,5000000,12,312,0,14100000
70,4,0,1,500000,1500000,20,340,0,2800000
71,5,1,1,5300000,18600000,4,386,1,28500000
72,5,0,0,7000000,18300000,4,418,0,59200000
73,3,0,1,5800000,16700000,16,735,1,31500000
74,2,0,0,2600000,8400000,6,494,0,17900000
75,2,0,0,1900000,6500000,18,671,1,9000000
76,4,1,0,5700000,14800000,16,697,1,41300000
77,0,1,0,9000000,33500000,8,801,1,67000000
78,2,0,0,8500000,29400000,12,576,1,57400000
79,0,0,0,700000,1400000,14,639,1,5900000
80,4,1,0,3500000,8900000,4,470,0,17800000
81,0,0,0,8800000,31200000,4,826,1,45300000
82,2,0,1,9900000,21200000,16,363,0,70300000
83,3,1,0,3600000,8600000,20,613,1,23300000
84,3,0,1,3000000,8200000,16,713,1,25500000
85,2,1,0,6800000,21200000,16,439,0,48700000
86,5,0,1,1100000,3800000,18,387,0,7900000
87,1,0,1,8700000,28300000,8,402,0,72100000
88,4,1,1,2000000,8000000,6,837,1,14500000
89,2,0,0,9800000,37600000,10,641,1,55100000
90,4,1,0,5700000,21100000,18,489,0,23300000
91,4,1,0,8800000,20700000,18,540,0,57500000
92,4,1,0,3800000,8900000,4,844,1,30400000
93,1,1,0,1700000,6400000,10,452,0,9700000
94,2,1,0,1000000,2000000,10,366,0,6100000
95,5,1,0,300000,1100000,2,300,1,1700000
96,2,1,1,6600000,15000000,18,470,0,31200000
97,2,0,0,8700000,25000000,20,861,1,53700000
98,4,1,0,9400000,29400000,12,562,1,84600000
99,0,1,0,4400000,10800000,14,463,0,25700000
100,4,0,0,400000,900000,12,478,0,2100000
101,2,0,1,300000,1100000,2,702,1,1200000
102,2,0,1,4300000,12900000,20,618,1,28800000
103,4,1,0,1600000,4500000,12,633,1,8400000
104,5,0,1,6200000,23600000,10,331,0,61300000
105,3,0,1,4200000,9700000,16,841,1,29900000
106,4,0,1,9000000,18100000,12,764,1,49500000
107,0,1,0,2700000,10600000,6,591,1,15700000
108,1,1,1,9700000,35900000,2,719,1,58500000
109,2,1,0,3300000,6800000,14,317,0,19000000
110,0,0,0,300000,1100000,8,778,1,2000000
111,3,1,1,7400000,18200000,14,302,0,31600000
112,5,0,0,7100000,19700000,8,502,0,48000000
113,5,0,1,7300000,22100000,18,879,1,59200000
114,1,0,0,8400000,23400000,14,437,0,62700000
115,0,0,1,3300000,10800000,12,797,1,17600000
116,4,0,1,5800000,23200000,18,456,0,50400000
117,0,0,0,600000,1600000,6,647,1,4300000
118,0,0,0,7200000,15800000,12,379,0,50000000
119,1,0,1,9100000,32900000,2,717,1,33700000
120,5,1,0,900000,2300000,16,545,0,3800000
121,2,1,0,800000,3200000,8,317,0,4200000
122,1,0,0,8500000,32900000,10,570,1,37300000
123,0,0,1,9000000,18700000,18,865,1,59000000
124,3,1,0,7000000,19500000,14,719,1,50900000
125,3,1,0,200000,600000,16,821,1,1100000
126,4,0,1,400000,800000,10,859,1,2400000
127,3,0,0,5100000,18200000,10,395,0,29900000
128,2,0,1,700000,2600000,12,429,0,6400000
129,3,1,0,400000,1200000,12,861,1,2100000
130,0,0,1,9500000,20800000,14,565,1,74300000
131,5,1,0,8800000,22600000,10,357,0,39600000
132,3,0,1,1800000,3600000,18,465,0,9100000
133,4,0,1,6800000,13900000,8,479,0,56100000
134,3,0,0,1500000,5500000,16,717,1,8600000
135,3,1,0,1600000,5500000,12,425,0,7700000
136,2,0,0,4600000,16700000,2,786,1,26100000
137,5,0,1,2200000,6700000,6,382,0,15400000
138,3,0,1,2900000,8500000,12,564,1,13400000
139,0,1,0,200000,700000,8,501,0,1500000
140,2,0,1,2500000,9400000,10,727,1,23500000
141,4,0,0,3600000,7500000,6,894,1,17800000
142,0,1,1,5500000,16700000,18,829,1,25500000
143,4,0,0,6600000,17400000,20,506,0,45700000
144,2,1,1,8600000,32100000,6,802,1,60400000
145,5,0,0,600000,1500000,14,543,0,3600000
146,3,1,1,1400000,3200000,20,772,1,10000000
147,3,1,0,4000000,11100000,12,572,1,24700000
148,0,0,1,4900000,11900000,16,709,1,37800000
149,5,1,0,2000000,6200000,18,402,0,14400000
150,1,0,1,5200000,19300000,8,481,0,46800000
151,5,1,1,8900000,28800000,6,772,1,47900000
152,1,1,1,6500000,20600000,2,306,1,39100000
153,2,0,0,1300000,4500000,6,415,0,5000000
154,3,0,0,9400000,35000000,16,548,0,63500000
155,5,0,0,5000000,11200000,8,701,1,28200000
156,2,1,0,3000000,7700000,12,890,1,19500000
157,5,0,1,9900000,33300000,6,364,0,60100000
158,5,1,1,700000,1300000,20,704,1,4400000
159,3,1,1,4000000,10600000,10,318,0,19500000
160,5,0,0,3100000,9600000,2,761,1,22200000
161,4,0,0,4500000,15100000,6,693,1,29000000
162,3,0,0,9700000,20600000,16,524,0,68800000
163,2,0,1,2000000,5300000,10,681,1,13500000
164,2,1,1,8100000,22300000,18,737,1,69200000
165,0,0,0,5700000,15900000,16,638,1,30400000
166,4,0,0,5800000,12800000,2,656,1,24300000
167,1,1,0,1800000,6500000,6,540,0,11800000
168,4,0,1,9100000,35200000,6,341,0,32600000
169,0,0,1,4800000,17500000,2,371,1,40700000
170,3,0,1,3800000,10500000,12,886,1,21700000
171,0,0,0,1900000,4100000,18,801,1,7200000
172,3,0,1,3600000,9500000,16,748,1,22400000
173,2,0,1,7400000,28200000,8,376,0,49500000
174,4,0,1,6600000,14300000,8,371,0,46200000
175,2,1,0,1800000,5300000,6,826,1,13000000
176,4,0,0,9200000,27200000,12,873,1,51500000
177,5,0,1,2400000,8600000,8,309,0,9600000
178,4,0,0,5600000,13300000,20,869,1,37300000
179,5,1,0,3800000,13900000,12,534,0,18600000
180,3,0,1,4500000,17900000,6,787,1,31900000
181,0,1,1,900000,2200000,16,566,1,3400000
182,0,0,0,2800000,9900000,8,742,1,14600000
183,2,0,0,7500000,23100000,4,824,1,58800000
184,4,1,0,1400000,3100000,14,575,1,11400000
185,2,1,1,3800000,10900000,10,766,1,17400000
186,1,0,1,1700000,5000000,10,888,1,10100000
187,3,1,1,9000000,30400000,6,638,1,63900000
188,5,0,1,7300000,23300000,6,622,1,55600000
189,1,0,0,7400000,19800000,18,458,0,50500000
190,1,0,0,9000000,28200000,16,327,0,39200000
191,0,0,0,3000000,6500000,2,612,1,20600000
192,1,1,0,800000,2900000,8,682,1,6900000
193,2,1,0,4800000,13200000,2,583,1,34200000
194,5,0,0,6400000,18300000,8,697,1,39700000
195,3,1,0,9200000,27100000,12,306,0,54900000
196,4,0,1,400000,1500000,2,669,1,1900000
197,2,0,0,2800000,6000000,18,816,1,21900000
198,4,0,1,8500000,28900000,20,455,0,52900000
199,3,1,1,4700000,16400000,10,318,0,40000000
200,4,0,1,9800000,21200000,20,355,0,77100000
201,2,0,1,3800000,8900000,16,389,0,20200000
202,2,1,0,500000,1500000,2,888,1,3900000
203,2,1,1,6900000,15600000,6,352,0,50900000
204,4,0,1,9600000,30100000,12,870,1,50800000
205,3,0,0,2900000,6500000,18,827,1,22500000
206,2,1,0,9800000,20900000,12,768,1,65600000
207,0,1,0,7100000,15400000,18,707,1,46500000
208,1,0,1,7700000,19100000,10,355,0,44700000
209,3,1,0,1400000,3300000,2,652,1,7600000
210,3,1,0,7800000,15900000,2,665,1,47900000
211,5,0,1,1700000,6000000,18,420,0,8100000
212,2,0,0,8500000,32700000,18,471,0,68400000
213,5,0,0,1900000,7500000,20,715,1,17200000
214,2,0,1,6700000,15200000,10,689,1,30000000
215,3,1,1,6900000,16400000,4,787,1,47400000
216,2,1,0,2600000,7800000,4,819,1,14600000
217,4,1,1,9600000,21100000,6,809,1,69000000
218,1,0,1,6800000,17000000,2,744,1,46600000
219,0,0,0,3200000,11300000,6,484,0,19600000
220,4,0,0,2900000,10400000,6,673,1,19100000
221,3,1,1,7900000,21200000,18,695,1,51100000
222,4,0,1,3900000,12400000,12,473,0,28000000
223,4,1,1,4600000,11000000,2,491,0,32600000
224,3,0,1,700000,1700000,8,733,1,4900000
225,0,0,0,5200000,15600000,20,434,0,43500000
226,3,0,1,5900000,20600000,10,777,1,34100000
227,4,1,0,7200000,19100000,4,774,1,37900000
228,1,0,1,8700000,27000000,10,717,1,60700000
229,3,0,1,1100000,3500000,12,503,0,6800000
230,1,1,1,4000000,10900000,14,598,1,28200000
231,2,1,0,9800000,32400000,2,543,1,75100000
232,0,0,1,2700000,6800000,20,796,1,13800000
233,3,0,1,8800000,34600000,8,386,0,55700000
234,5,0,1,3300000,7800000,16,632,1,21000000
235,1,1,1,6900000,23400000,4,481,1,53400000
236,3,1,1,900000,3500000,4,770,0,3300000
237,3,1,1,4100000,15500000,6,667,1,23100000
238,3,0,1,4700000,17500000,8,585,1,18800000
239,5,1,1,3400000,11600000,16,479,0,28500000
240,2,1,0,9600000,22500000,18,851,1,60600000
241,3,0,1,7000000,16200000,6,378,0,58400000
242,5,1,0,5700000,12900000,18,807,1,29100000
243,1,0,1,8200000,32400000,18,831,1,60600000
244,2,0,0,2100000,5100000,12,674,1,14200000
245,1,0,1,8000000,28100000,18,725,1,45200000
246,2,0,0,8000000,29300000,4,600,1,65600000
247,0,0,1,9400000,27000000,10,536,0,44700000
248,0,1,0,8400000,20600000,10,477,0,39900000
249,1,0,1,1900000,5000000,6,560,1,10600000
250,0,0,1,4200000,16400000,20,539,0,26100000
251,5,1,0,2600000,9100000,8,852,1,18000000
252,3,0,0,3700000,8500000,20,853,1,26400000
253,0,1,0,8800000,30900000,12,729,1,39500000
254,2,0,0,2100000,4700000,2,546,0,16400000
255,3,1,1,900000,2400000,10,489,0,4100000
256,3,1,1,9800000,35400000,6,869,1,63900000
257,2,0,0,8000000,20000000,2,502,0,47800000
258,0,1,0,9800000,38800000,8,652,1,77300000
259,0,0,1,300000,1100000,8,789,1,1700000
260,4,0,0,2700000,8100000,4,325,1,19100000
261,3,1,1,7400000,19600000,2,716,1,46300000
262,3,1,0,9200000,34300000,18,523,0,67500000
263,5,0,0,9500000,22200000,20,352,0,62300000
264,5,1,1,3800000,14400000,2,345,1,21800000
265,0,1,0,8300000,19400000,18,649,1,54200000
266,2,1,1,2800000,7400000,18,666,1,12100000
267,0,1,0,8600000,20900000,10,813,1,54000000
268,0,0,0,5400000,16800000,10,599,1,34800000
269,5,1,1,4200000,9400000,6,678,1,25800000
270,5,0,0,5200000,12200000,20,513,0,37600000
271,5,1,0,9400000,27900000,4,870,1,41200000
272,3,1,0,8800000,20400000,8,483,0,54600000
273,1,1,1,5900000,16700000,16,308,0,39000000
274,3,1,1,1700000,4900000,16,591,1,11400000
275,1,0,0,7000000,23000000,10,886,1,48000000
276,4,0,0,1700000,4000000,6,829,1,8500000
277,0,0,0,1500000,4900000,12,651,1,9800000
278,4,0,0,2000000,4700000,18,733,1,17200000
279,5,1,1,3900000,15500000,12,433,0,27400000
280,1,1,1,900000,3600000,14,713,1,5300000
281,1,1,0,6900000,22500000,18,403,0,32400000
282,0,1,1,2800000,7800000,10,405,0,20800000
283,3,1,1,6800000,19900000,10,516,0,56500000
284,4,0,1,600000,1800000,8,417,0,5000000
285,1,0,0,4700000,14000000,6,468,0,28300000
286,5,1,1,3000000,11800000,10,672,1,26200000
287,5,0,0,4000000,13900000,6,530,0,30100000
288,1,0,1,3100000,11300000,14,824,1,25100000
289,1,0,1,7700000,25500000,12,549,0,56200000
290,5,0,1,4300000,9300000,10,450,0,22900000
291,1,1,1,5800000,19500000,20,431,0,37700000
292,3,1,1,3600000,10700000,16,312,0,22200000
293,0,0,1,2900000,7600000,8,320,0,26300000
294,0,1,0,8800000,20200000,4,433,0,63100000
295,1,0,1,300000,1000000,10,431,0,1900000
296,5,0,1,8600000,28900000,8,516,0,48700000
297,2,0,1,3500000,12000000,14,476,0,23200000
298,5,1,0,800000,2600000,6,560,1,4300000
299,2,1,0,8000000,27100000,12,674,1,46500000
300,0,0,1,9900000,38200000,6,573,1,53200000
301,2,0,0,3300000,6600000,6,331,0,19900000
302,4,1,1,2000000,6700000,12,633,1,7700000
303,3,0,0,4900000,12900000,18,877,1,30000000
304,5,0,1,9200000,23600000,12,656,1,53900000
305,0,0,0,7500000,18200000,6,782,1,43300000
306,5,0,0,9000000,29300000,4,531,1,61200000
307,3,0,0,1400000,4100000,8,455,0,9400000
308,3,1,0,9600000,19900000,14,452,0,55500000
309,2,1,0,8400000,33200000,14,474,0,71500000
310,3,0,0,6400000,24400000,4,483,1,33800000
311,4,1,0,5900000,16800000,8,481,0,41100000
312,2,1,1,2200000,5100000,20,859,1,14500000
313,4,1,1,5600000,14100000,14,696,1,41500000
314,4,0,0,9800000,28700000,6,778,1,64800000
315,4,1,0,4400000,14600000,4,499,1,29600000
316,2,0,1,2400000,4900000,4,888,1,19200000
317,1,1,0,4400000,10800000,12,674,1,34800000
318,4,1,0,3700000,13200000,4,802,1,29000000
319,4,0,1,2300000,7800000,8,540,0,12400000
320,4,1,1,5900000,19600000,8,726,1,52300000
321,4,0,1,6400000,23500000,2,485,1,37500000
322,4,1,1,4900000,17100000,6,612,1,32800000
323,3,0,1,9500000,24200000,8,879,1,59400000
324,2,0,0,5700000,16400000,12,708,1,23900000
325,2,0,1,2700000,5700000,8,850,1,22900000
326,2,0,1,3900000,11300000,12,516,0,18100000
327,0,0,0,7800000,28800000,12,465,0,48400000
328,0,1,0,1100000,3200000,20,716,1,8300000
329,4,0,0,200000,600000,10,404,0,500000
330,0,0,1,4700000,10600000,20,512,0,31700000
331,3,0,1,8200000,20600000,10,441,0,62700000
332,2,0,1,4600000,18400000,2,555,1,28500000
333,5,0,0,1800000,7000000,18,466,0,12600000
334,3,1,1,3200000,8600000,2,427,0,17500000
335,4,0,1,5500000,20000000,14,593,1,42600000
336,3,1,0,7900000,18300000,10,731,1,38200000
337,1,1,1,4000000,10100000,16,451,0,29100000
338,3,0,1,6800000,16900000,18,628,1,25000000
339,1,0,0,2700000,9400000,18,704,1,16400000
340,2,0,0,6800000,23500000,12,341,0,53900000
341,5,1,0,8600000,21000000,8,465,0,56000000
342,4,1,0,8000000,30100000,4,431,1,56000000
343,1,1,1,3700000,12600000,10,424,0,25100000
344,0,1,0,2600000,5100000,14,678,1,10800000
345,4,1,0,4200000,16800000,6,381,0,34100000
346,5,1,1,8000000,28000000,10,449,0,41300000
347,1,0,0,7100000,23500000,12,768,1,48200000
348,0,0,0,2000000,7000000,6,666,0,6900000
349,4,0,1,5800000,13300000,14,742,1,48700000
350,3,0,1,6700000,15800000,4,445,0,41300000
351,2,1,0,7300000,28700000,14,634,1,41700000
352,4,0,0,3300000,9700000,14,782,1,15100000
353,0,1,0,3000000,7000000,10,781,1,22200000
354,4,0,0,7900000,17200000,14,318,0,55900000
355,5,0,0,7600000,24100000,18,721,1,63500000
356,5,0,0,3700000,9800000,4,563,1,28800000
357,2,0,0,8400000,26300000,4,419,1,66200000
358,0,1,1,8200000,20800000,14,372,0,35200000
359,0,0,0,2900000,9500000,18,885,1,16600000
360,1,0,1,9900000,38400000,12,596,1,62600000
361,0,1,0,4400000,14100000,2,349,1,19600000
362,1,0,1,9000000,32200000,16,468,0,60400000
363,3,0,1,6800000,26900000,16,818,1,58700000
364,2,0,0,8700000,28000000,12,543,0,52500000
365,3,1,0,9400000,21900000,16,685,1,53200000
366,3,0,1,6000000,12500000,18,851,1,41400000
367,1,0,1,9400000,29800000,10,377,0,85200000
368,0,0,1,1000000,4000000,10,620,1,8500000
369,3,1,1,900000,2300000,20,611,1,4500000
370,4,0,0,2100000,7700000,4,767,1,11100000
371,5,1,1,1100000,3200000,20,592,1,7900000
372,0,1,1,600000,2300000,4,319,1,5400000
373,4,0,1,9200000,25500000,10,900,1,60100000
374,2,0,1,3600000,12800000,18,814,1,27100000
375,5,0,1,1300000,5000000,10,755,1,11000000
376,5,1,1,7700000,16800000,20,584,1,44800000
377,4,1,1,9500000,23500000,14,380,0,62000000
378,2,0,1,5000000,17600000,20,465,0,33100000
379,0,0,0,500000,1800000,2,531,1,4400000
380,1,1,1,8300000,32100000,16,814,1,57600000
381,0,1,0,5300000,17900000,6,678,1,26600000
382,2,0,1,9300000,29000000,12,655,1,49500000
383,3,0,0,2300000,7400000,2,682,1,18600000
384,1,0,0,400000,1300000,6,695,1,1600000
385,3,0,0,3200000,10800000,4,833,1,14900000
386,5,0,1,9400000,35300000,16,302,0,66500000
387,1,1,0,2300000,6600000,2,357,0,14300000
388,5,0,0,4300000,14500000,12,302,0,34400000
389,0,1,1,6200000,22400000,18,873,1,46300000
390,0,0,1,7200000,19800000,12,658,1,53100000
391,5,1,1,2400000,8700000,18,877,1,13900000
392,3,0,0,2900000,6300000,8,648,1,15800000
393,1,1,0,1400000,5200000,12,730,1,7300000
394,4,0,1,2200000,8200000,14,737,1,18200000
395,2,1,1,800000,3200000,10,584,0,3000000
396,0,1,0,600000,1700000,2,621,1,3000000
397,4,1,1,700000,2700000,16,583,1,4000000
398,2,0,0,8400000,25900000,16,621,1,59700000
399,2,0,0,7100000,21500000,16,610,1,41400000
400,4,1,0,5400000,15700000,18,452,0,39400000
401,5,1,0,3700000,7300000,18,339,0,28600000
402,3,1,1,5200000,15200000,16,650,1,24600000
403,4,0,1,200000,700000,10,672,1,1000000
404,3,1,0,500000,1000000,20,501,0,2700000
405,2,0,1,1800000,5700000,4,809,1,11800000
406,5,1,1,9200000,29400000,8,318,0,63100000
407,4,0,0,900000,3300000,10,649,1,3400000
408,3,0,0,7500000,28300000,12,367,0,50200000
409,5,0,0,3000000,11800000,6,847,1,19800000
410,5,1,0,7100000,18900000,12,360,0,40100000
411,1,1,1,3500000,7200000,2,865,1,23400000
412,4,0,0,4900000,18800000,16,880,1,24700000
413,1,1,0,4100000,8400000,20,608,1,23800000
414,0,1,1,800000,2100000,6,760,1,2600000
415,3,1,1,1700000,4600000,12,385,0,9700000
416,0,1,1,6100000,23300000,12,478,0,28700000
417,1,1,1,2100000,7700000,16,327,0,12500000
418,0,1,0,3100000,9300000,6,663,1,14600000
419,2,0,1,1700000,3500000,20,693,1,10100000
420,3,1,0,1700000,5400000,6,710,1,13000000
421,4,0,1,4000000,14500000,6,711,1,23100000
422,5,1,0,5600000,18400000,8,386,0,34900000
423,4,1,1,3900000,11900000,10,855,1,27200000
424,4,1,1,6100000,15300000,14,573,1,32700000
425,0,1,1,1100000,2800000,18,431,0,6500000
426,2,1,0,5500000,14800000,8,364,0,34600000
427,4,1,1,1100000,3600000,14,711,1,7200000
428,4,0,1,400000,900000,20,771,1,3600000
429,3,1,0,9200000,36400000,18,669,1,59000000
430,4,0,1,9300000,27500000,18,338,0,63500000
431,1,1,0,1100000,3500000,8,562,1,7200000
432,3,0,0,5600000,18700000,2,769,1,38300000
433,0,1,1,6300000,21500000,8,629,1,31200000
434,3,1,0,8800000,18100000,6,699,1,36400000
435,0,0,0,8400000,20800000,20,590,1,56900000
436,3,1,1,1600000,5700000,4,707,1,14500000
437,3,0,1,4500000,11400000,8,391,0,29700000
438,5,0,0,6500000,18500000,4,891,1,47600000
439,3,1,1,9500000,20600000,2,731,1,47100000
440,3,0,0,4700000,16700000,12,775,1,26500000
441,5,1,1,9600000,32400000,2,897,1,51900000
442,5,1,0,8000000,26700000,20,794,1,60400000
443,2,1,0,7700000,16700000,6,555,1,42400000
444,1,0,1,3600000,10300000,12,536,0,22200000
445,2,0,0,700000,1700000,10,839,1,3700000
446,0,1,1,1400000,5100000,6,890,1,13100000
447,1,1,1,8600000,27900000,20,415,0,62000000
448,4,1,0,4700000,15700000,4,868,1,24400000
449,3,1,1,2900000,5800000,12,353,0,24200000
450,4,0,0,9000000,29000000,16,590,1,61700000
451,5,1,1,500000,900000,18,618,1,3600000
452,2,0,1,700000,1700000,10,539,0,5200000
453,0,1,0,6800000,27000000,4,429,1,55500000
454,2,1,0,1800000,4700000,8,792,1,12000000
455,0,0,0,6000000,12400000,2,608,1,29800000
456,4,1,1,5400000,21500000,14,555,1,27600000
457,5,1,1,8400000,17500000,12,620,1,60700000
458,0,1,0,7400000,20900000,6,635,1,57800000
459,2,1,0,3200000,12500000,10,457,0,20600000
460,1,1,1,5400000,21400000,8,350,0,30100000
461,5,1,1,1000000,2500000,14,885,1,5700000
462,0,1,0,4400000,14700000,16,638,1,23800000
463,1,1,1,3800000,10500000,12,710,1,23000000
464,3,0,1,6100000,20900000,18,470,0,34500000
465,5,0,1,5500000,17300000,16,874,1,25500000
466,5,0,1,500000,1800000,18,411,0,3000000
467,0,0,1,300000,1100000,2,482,1,1800000
468,1,1,1,6200000,16900000,2,396,0,49400000
469,0,0,0,300000,900000,20,436,0,1200000
470,0,0,1,6900000,22100000,20,303,0,47100000
471,4,1,0,3700000,11400000,12,728,1,19600000
472,3,0,1,8800000,28600000,10,775,1,51800000
473,5,1,1,8200000,23500000,12,402,0,46700000
474,1,0,1,9200000,31500000,18,698,1,40100000
475,0,0,0,2400000,7800000,14,665,1,17200000
476,4,0,0,4100000,13500000,18,490,0,26800000
477,1,1,0,8000000,31900000,12,504,0,53400000
478,3,0,1,3600000,8600000,8,790,1,26300000
479,1,0,1,700000,2700000,20,669,1,4200000
480,4,0,0,8300000,30700000,6,381,0,55300000
481,0,1,1,5300000,15000000,2,900,1,30600000
482,4,1,0,8300000,24900000,16,506,0,54700000
483,3,0,1,2500000,8800000,12,538,0,19100000
484,3,1,1,5400000,14400000,8,677,1,42800000
485,4,1,0,1600000,4900000,8,685,1,10500000
486,2,0,0,2400000,6200000,12,860,1,19200000
487,5,0,0,6300000,14800000,6,608,1,53800000
488,4,1,1,2500000,5300000,10,540,0,13900000
489,0,1,1,7500000,16800000,16,492,0,62800000
490,3,0,0,2900000,8500000,14,834,1,16300000
491,3,1,1,1000000,3500000,16,834,1,6200000
492,2,1,1,8600000,28800000,8,890,1,57600000
493,1,0,0,300000,1100000,12,443,0,2400000
494,5,0,0,2300000,5700000,18,329,0,16500000
495,2,0,1,2400000,5400000,12,739,1,10800000
496,5,1,1,9800000,30300000,6,867,1,74600000
497,2,0,0,8100000,24800000,6,307,0,45800000
498,3,1,0,6700000,15500000,18,492,0,39800000
499,1,0,1,8400000,24700000,18,698,1,81100000
500,2,1,0,200000,700000,8,851,1,1600000
501,2,1,0,4700000,12500000,14,375,0,23100000
502,0,1,1,4300000,14300000,14,601,1,27100000
503,4,0,0,2200000,7000000,20,756,1,14400000
504,4,1,1,8600000,19200000,4,868,1,64000000
505,4,1,1,2000000,7200000,10,838,1,11400000
506,4,0,1,4200000,15900000,14,375,0,34300000
507,0,0,1,5100000,12500000,18,778,1,22300000
508,2,1,1,4100000,11200000,6,442,0,30800000
509,1,1,1,9900000,39500000,12,808,1,59200000
510,1,0,1,3200000,9000000,20,372,0,16500000
511,2,1,0,5500000,19000000,4,597,1,29100000
512,0,1,1,7800000,29100000,20,435,0,61100000
513,3,1,1,3400000,9700000,20,728,1,12700000
514,4,1,1,7900000,25900000,14,373,0,60500000
515,3,1,1,8900000,18500000,10,367,0,48400000
516,2,1,0,7300000,19100000,14,552,1,36200000
517,4,0,1,3300000,10600000,8,465,0,15000000
518,4,1,1,2900000,10500000,8,607,1,21300000
519,2,1,1,500000,1300000,4,427,0,4300000
520,3,0,0,7200000,21200000,4,711,1,45600000
521,3,0,0,8300000,24100000,14,823,1,38300000
522,1,0,1,8700000,20500000,6,523,0,54300000
523,4,0,1,7100000,27900000,10,328,0,56600000
524,3,1,1,9800000,28200000,12,721,1,53800000
525,0,1,1,6900000,17000000,20,599,1,58400000
526,0,0,0,2400000,5000000,14,580,1,19000000
527,1,0,1,2100000,4900000,10,744,1,8600000
528,2,1,1,7200000,23900000,4,559,1,45000000
529,2,1,0,4600000,13500000,16,587,1,29200000
530,5,1,1,9900000,31800000,18,817,1,68200000
531,4,0,1,300000,1000000,20,655,1,1600000
532,5,1,1,6900000,23900000,6,382,0,54400000
533,2,1,1,1700000,4300000,6,765,1,10800000
534,2,1,1,4400000,10000000,20,516,0,32300000
535,4,0,1,4300000,15000000,8,383,0,18700000
536,2,0,0,3700000,14100000,6,633,1,15700000
537,1,1,0,5900000,15200000,2,547,0,37400000
538,5,0,1,8600000,26300000,10,843,1,62500000
539,3,0,1,3400000,13200000,8,783,1,24700000
540,3,0,1,1000000,3200000,14,790,1,6700000
541,1,0,1,4400000,14200000,16,409,0,31100000
542,0,0,0,3600000,7800000,14,376,0,31600000
543,3,0,0,1400000,2700000,8,625,1,9300000
544,0,0,0,5300000,10900000,18,707,1,35800000
545,3,1,1,9400000,20500000,6,645,1,65100000
546,4,0,1,6600000,22100000,6,887,1,31600000
547,5,1,0,9800000,37600000,18,319,0,49300000
548,1,0,0,1900000,4900000,20,647,1,14700000
549,2,0,1,5800000,22500000,6,888,1,36400000
550,2,0,0,3100000,10400000,10,420,0,26300000
551,0,1,0,6800000,18400000,2,791,1,35000000
552,5,0,0,4600000,16200000,12,891,1,21600000
553,2,0,1,200000,700000,16,641,1,1500000
554,3,0,1,9500000,22800000,6,319,0,62500000
555,5,0,1,6200000,22200000,20,819,1,50500000
556,4,0,1,9700000,32300000,18,387,0,51300000
557,5,1,1,4200000,12300000,2,686,1,30500000
558,1,1,1,5700000,12000000,4,415,0,41300000
559,2,1,1,200000,500000,6,885,0,400000
560,4,1,0,8000000,25500000,4,722,1,62200000
561,4,1,0,5200000,20400000,20,761,1,26800000
562,1,1,1,7100000,15200000,8,389,0,37000000
563,1,1,1,9300000,27900000,12,600,1,41900000
564,5,1,0,2000000,6100000,2,407,1,10400000
565,3,1,1,3900000,14000000,18,829,1,23500000
566,2,0,0,2800000,5900000,6,895,1,17300000
567,5,1,1,3000000,11100000,12,441,0,20300000
568,4,0,0,4500000,9800000,16,895,1,37400000
569,4,1,0,1900000,4300000,4,826,1,10300000
570,1,1,0,2300000,7200000,8,453,0,16600000
571,0,1,0,4700000,17500000,2,701,1,26400000
572,2,0,1,1300000,2700000,8,627,1,4300000
573,3,1,0,3100000,11000000,2,543,1,19500000
574,0,1,0,8400000,17500000,18,411,0,60200000
575,5,1,1,1700000,5800000,4,583,1,12100000
576,2,0,0,1900000,7500000,2,889,1,11400000
577,3,0,0,2400000,8600000,8,684,1,13600000
578,5,1,0,6800000,20500000,10,578,1,42900000
579,1,1,0,2900000,10900000,20,445,0,21300000
580,4,1,1,8900000,26300000,10,369,0,70400000
581,1,0,0,8800000,22200000,18,794,1,51800000
582,0,1,1,8200000,19200000,16,492,0,52900000
583,3,0,1,3600000,13200000,16,557,1,25800000
584,4,1,1,9500000,31800000,6,519,0,47800000
585,0,0,1,1900000,5700000,18,699,1,14200000
586,3,0,1,9100000,24600000,2,741,1,61100000
587,5,1,0,1100000,3800000,18,508,0,5200000
588,5,0,1,1100000,2800000,10,647,1,10400000
589,1,1,0,9300000,28600000,14,656,1,66300000
590,4,1,1,3900000,10600000,2,439,0,25200000
591,5,0,1,1500000,4000000,12,350,0,10400000
592,5,1,0,800000,2200000,6,493,0,5200000
593,4,1,0,600000,1800000,6,851,1,4100000
594,2,1,0,4400000,12500000,18,492,0,21900000
595,4,1,1,2700000,5400000,6,861,1,18100000
596,3,0,1,6200000,14600000,2,664,1,50100000
597,5,1,1,700000,1300000,16,362,0,6400000
598,0,1,0,3400000,9400000,6,703,1,17800000
599,1,0,1,4900000,16800000,12,758,1,21400000
600,3,0,1,4200000,9700000,2,396,0,21800000
601,0,1,1,5300000,10600000,2,828,1,38000000
602,5,1,1,3700000,10000000,20,709,1,23000000
603,4,0,1,5600000,17500000,10,528,0,35800000
604,2,1,1,4300000,16000000,14,623,1,38000000
605,4,0,1,7100000,24500000,14,599,1,43300000
606,4,1,1,5400000,12700000,4,622,1,35900000
607,0,0,0,6000000,13100000,6,385,0,53600000
608,4,1,1,4100000,12500000,2,579,1,32300000
609,4,0,0,8300000,17900000,20,846,1,53000000
610,3,1,0,8100000,23900000,10,449,0,50400000
611,1,0,0,7200000,24900000,14,666,1,37600000
612,5,1,0,7200000,17500000,4,380,0,26400000
613,2,1,1,3500000,8100000,4,589,1,25700000
614,1,1,0,6200000,19500000,12,845,1,31300000
615,3,0,0,5200000,17300000,10,401,0,23100000
616,0,0,0,4500000,14500000,2,766,1,38300000
617,5,0,0,5400000,15100000,12,522,0,29500000
618,3,0,1,2000000,6900000,6,834,1,14400000
619,3,1,0,8900000,25400000,8,588,1,54800000
620,2,1,0,5000000,10600000,4,570,1,34700000
621,2,1,0,4900000,17600000,6,860,1,39400000
622,4,1,1,5300000,19200000,4,655,1,42800000
623,3,0,1,8500000,27700000,4,457,1,28100000
624,5,1,1,700000,2100000,14,863,1,4600000
625,3,0,1,5900000,18900000,4,742,1,46500000
626,3,1,0,3500000,13300000,4,798,1,28400000
627,5,0,1,7700000,18900000,16,552,1,52200000
628,2,0,1,4500000,12500000,12,418,0,21400000
629,0,1,0,9100000,22200000,6,419,0,36000000
630,1,0,1,9000000,29900000,2,668,1,58400000
631,2,0,0,8900000,29200000,8,608,1,61200000
632,5,0,0,6500000,13800000,10,342,0,39300000
633,4,0,1,8100000,18000000,8,817,1,36900000
634,1,0,0,8400000,29900000,16,476,0,58700000
635,0,0,0,5300000,20000000,6,881,1,43100000
636,2,1,0,4100000,15600000,12,838,1,28100000
637,3,0,0,6900000,27400000,4,406,1,45900000
638,1,1,1,5200000,19500000,12,778,1,35200000
639,5,0,1,2000000,7400000,14,799,1,12700000
640,3,1,0,4600000,17800000,20,716,1,30500000
641,0,1,1,7100000,20100000,16,756,1,36000000
642,0,0,0,9300000,20100000,10,743,1,42100000
643,3,0,0,5400000,19400000,20,731,1,41300000
644,3,0,0,4100000,8500000,2,833,1,31600000
645,4,0,0,4900000,11400000,8,470,0,39000000
646,5,1,1,5400000,21200000,20,734,1,28100000
647,0,1,0,3000000,9600000,12,620,1,20100000
648,0,0,1,6800000,14400000,8,812,1,47200000
649,4,1,1,5100000,14000000,12,459,0,27000000
650,0,1,1,9800000,32600000,10,704,1,54000000
651,1,1,1,1600000,4100000,6,391,0,12100000
652,4,1,0,8000000,29100000,4,421,1,50900000
653,5,1,0,2900000,6700000,14,796,1,21400000
654,4,1,0,9200000,30300000,10,607,1,79100000
655,3,0,0,9500000,20400000,14,376,0,43200000
656,0,1,1,3700000,8500000,8,424,0,26400000
657,5,1,1,7100000,20800000,6,442,0,45300000
658,5,0,0,5600000,17600000,14,448,0,35900000
659,0,1,1,1200000,2700000,2,638,1,6200000
660,3,0,0,1600000,5600000,6,710,1,11500000
661,4,0,1,1600000,4800000,20,641,1,10700000
662,2,0,0,5300000,20200000,10,348,0,42100000
663,5,0,0,9100000,19900000,20,519,0,65100000
664,4,0,1,9400000,35000000,10,517,0,60000000
665,3,0,0,5900000,22400000,6,375,0,39900000
666,2,1,1,1100000,3400000,10,426,0,6400000
667,4,1,1,3100000,11500000,14,785,1,19600000
668,4,0,0,2200000,8600000,20,373,0,12700000
669,1,1,0,6000000,20100000,6,476,0,44600000
670,1,1,1,2000000,5600000,18,320,0,11400000
671,4,1,0,7200000,22900000,18,657,1,41200000
672,1,0,1,500000,1900000,12,868,1,2800000
673,1,0,1,5800000,13900000,6,345,0,39700000
674,0,0,0,200000,300000,6,472,0,1200000
675,4,0,1,4600000,9500000,20,613,1,27800000
676,5,0,1,4600000,12800000,14,769,1,37300000
677,1,1,0,6500000,23100000,20,741,1,53500000
678,4,0,1,4400000,16600000,14,889,1,23000000
679,0,0,1,900000,3600000,10,683,1,6000000
680,0,0,1,3200000,7400000,18,780,1,18600000
681,3,1,0,600000,1100000,8,538,0,3000000
682,1,0,0,5200000,12600000,10,721,1,27300000
683,3,0,1,6400000,15200000,14,467,0,46200000
684,2,0,0,1000000,2500000,6,551,1,6500000
685,2,0,0,6800000,14800000,14,803,1,40800000
686,0,1,0,3000000,8400000,10,361,0,17000000
687,1,0,1,8700000,30700000,6,708,1,62000000
688,4,1,1,8800000,20900000,18,766,1,76500000
689,1,0,1,3900000,11500000,2,464,0,32500000
690,5,1,0,1700000,4300000,2,517,0,8100000
691,3,0,1,900000,2300000,6,747,1,4900000
692,1,0,0,7200000,24700000,6,596,1,37700000
693,0,1,0,9200000,25400000,2,783,1,59400000
694,3,0,0,5700000,19400000,2,335,1,45700000
695,5,0,1,1100000,2700000,4,889,1,5600000
696,2,0,1,1100000,2200000,4,874,1,6200000
697,0,1,1,6000000,23900000,4,394,1,38900000
698,2,1,1,8100000,28500000,20,420,0,44700000
699,2,0,1,6500000,25100000,20,848,1,41900000
700,0,1,1,7600000,17900000,16,788,1,42500000
701,1,1,0,2200000,4900000,8,509,0,12100000
702,4,1,1,6300000,23900000,6,899,1,38600000
703,4,0,1,6700000,15800000,12,466,0,38600000
704,5,1,1,1300000,4300000,2,595,1,6200000
705,1,0,0,2800000,6700000,12,322,0,14600000
706,3,1,0,7000000,18900000,2,691,1,32800000
707,3,0,1,8800000,26700000,10,379,0,62300000
708,0,1,0,8900000,25800000,18,531,0,44100000
709,5,0,0,7000000,21800000,4,631,1,39800000
710,0,1,1,6900000,18600000,10,330,0,49900000
711,5,1,0,9200000,29200000,16,383,0,67100000
712,0,1,1,6100000,19700000,16,678,1,40800000
713,1,1,1,4400000,14700000,8,894,1,29500000
714,4,0,0,9900000,22700000,12,567,1,73300000
715,5,0,0,3900000,14000000,4,708,1,23300000
716,3,1,0,6800000,21200000,2,433,1,42100000
717,4,0,0,3600000,8700000,14,302,0,22000000
718,4,1,0,700000,2600000,14,736,1,5000000
719,2,0,1,4000000,8500000,6,323,0,30600000
720,4,1,0,1800000,4100000,12,670,1,11700000
721,3,0,0,5600000,21000000,12,609,1,40500000
722,4,0,0,6800000,24200000,18,349,0,44000000
723,5,0,1,600000,1500000,2,319,0,3900000
724,1,0,0,4200000,16200000,14,391,0,24600000
725,4,0,0,5000000,18700000,10,755,1,19800000
726,1,0,0,4100000,12200000,6,354,0,32700000
727,3,0,1,2200000,8800000,2,877,1,15800000
728,1,0,0,3400000,8600000,16,312,0,23900000
729,0,1,0,7100000,15900000,14,746,1,44900000
730,3,1,0,5800000,19600000,16,313,0,48200000
731,2,1,0,3400000,12900000,14,857,1,16500000
732,2,0,0,7700000,18300000,20,504,0,38000000
733,0,1,0,500000,1200000,14,556,1,3200000
734,2,1,1,5300000,11000000,14,393,0,34900000
735,0,1,0,4700000,14400000,14,881,1,37100000
736,2,1,1,4300000,12200000,14,719,1,27400000
737,2,1,1,900000,2500000,16,458,0,4300000
738,4,1,0,2000000,7500000,14,857,1,12100000
739,2,1,1,2000000,7600000,16,429,0,16400000
740,3,0,0,4100000,15900000,12,538,0,19200000
741,1,0,0,6900000,14400000,10,828,1,53300000
742,5,1,1,2300000,6100000,6,339,0,18300000
743,5,1,1,5800000,16600000,18,376,0,33900000
744,5,0,0,8000000,30000000,14,549,0,39300000
745,3,0,1,3700000,12700000,18,587,1,27000000
746,0,0,0,2600000,8400000,18,861,1,13500000
747,0,0,0,3000000,7000000,12,409,0,22800000
748,4,1,0,2700000,10200000,4,528,1,21600000
749,4,0,0,5700000,19600000,8,691,1,26100000
750,2,1,0,1500000,3600000,4,584,1,11700000
751,5,0,0,6800000,20000000,4,459,0,47400000
752,1,1,1,8100000,31700000,10,755,1,47500000
753,3,0,1,9200000,27700000,20,688,1,58100000
754,1,0,1,7600000,26000000,6,384,0,31700000
755,4,1,0,600000,1600000,20,869,1,4300000
756,1,0,1,4700000,18700000,20,445,0,17200000
757,0,1,0,1400000,5500000,6,393,0,9200000
758,3,1,1,9400000,24600000,10,414,0,51600000
759,2,1,0,9700000,19900000,16,395,0,64300000
760,3,0,1,8900000,21000000,14,815,1,39000000
761,5,1,0,4600000,10500000,8,758,1,26900000
762,5,0,1,5600000,14500000,10,457,0,39900000
763,0,1,1,1000000,3200000,10,854,1,7500000
764,3,1,0,3500000,10300000,16,324,0,18300000
765,0,0,0,7900000,31500000,14,849,1,66900000
766,3,1,1,6100000,24200000,12,672,1,39900000
767,3,0,1,8900000,20900000,6,859,1,66500000
768,4,1,0,5300000,15400000,8,584,1,25800000
769,5,0,0,1300000,4800000,4,346,1,9800000
770,3,1,0,4000000,12800000,18,635,1,30100000
771,2,0,0,8700000,22700000,4,365,0,60400000
772,1,0,0,9500000,20000000,16,856,1,66800000
773,5,1,1,9000000,20000000,2,440,0,54200000
774,0,1,1,7300000,23300000,2,616,1,51500000
775,3,1,1,7400000,25700000,2,461,1,28800000
776,5,0,0,3100000,10800000,10,681,1,15700000
777,2,1,0,4300000,9400000,2,485,0,32300000
778,1,1,1,2400000,8300000,6,684,1,16600000
779,1,1,0,5400000,17900000,14,727,1,30100000
780,2,0,0,1600000,5100000,6,784,1,9700000
781,3,0,1,9900000,20400000,4,865,1,79200000
782,3,0,0,5800000,20100000,18,791,1,34100000
783,4,0,0,2200000,8500000,16,866,1,15500000
784,0,1,0,5000000,14400000,2,761,1,24300000
785,2,0,1,600000,2100000,18,572,1,2600000
786,4,1,0,2200000,8600000,6,601,1,15600000
787,1,1,1,2600000,5500000,14,820,1,16400000
788,4,0,0,1200000,4300000,8,598,1,7900000
789,2,1,0,3100000,8700000,18,544,0,20100000
790,5,0,1,4600000,14500000,14,561,1,24500000
791,4,1,1,9300000,35500000,6,547,0,61500000
792,4,1,0,6300000,13400000,2,504,0,45300000
793,2,0,0,5900000,20800000,14,530,0,34800000
794,2,1,1,2900000,10600000,6,614,1,12500000
795,4,0,0,6100000,22400000,18,351,0,46000000
796,4,1,1,5900000,19700000,10,431,0,40500000
797,1,0,1,4600000,18400000,10,403,0,29200000
798,2,0,0,7000000,20200000,8,668,1,56800000
799,3,0,1,5100000,10400000,18,399,0,37000000
800,1,1,0,3100000,10600000,14,665,1,20400000
801,2,1,0,4100000,12800000,16,344,0,37200000
802,0,1,0,1800000,5400000,16,555,1,13600000
803,4,0,1,8200000,26900000,20,301,0,78300000
804,2,0,1,800000,2100000,6,726,1,5200000
805,2,1,0,8400000,23100000,6,689,1,39000000
806,0,0,0,8500000,33900000,4,665,1,43700000
807,3,0,1,3300000,12700000,16,608,1,26900000
808,3,0,0,5800000,12800000,20,335,0,30700000
809,3,0,0,4400000,10500000,18,677,1,19200000
810,1,0,0,2600000,8500000,2,491,1,11400000
811,2,0,1,9600000,28100000,20,763,1,72600000
812,5,0,1,5200000,18100000,8,809,1,28800000
813,5,0,1,9700000,36400000,16,544,0,55000000
814,1,1,1,200000,800000,14,624,1,1200000
815,3,1,0,6500000,16800000,10,388,0,32400000
816,4,1,1,7200000,23100000,14,644,1,39300000
817,0,0,0,5200000,18400000,14,600,1,37100000
818,2,0,0,6500000,14100000,2,709,1,38600000
819,5,1,1,2300000,5600000,8,642,1,15600000
820,0,0,1,3300000,10400000,4,423,1,26900000
821,0,0,1,2000000,5900000,12,900,1,16300000
822,2,1,1,8300000,19500000,4,415,0,42000000
823,4,1,1,3800000,14300000,4,645,1,17900000
824,0,0,0,5700000,15600000,16,742,1,24700000
825,4,0,0,7300000,19800000,8,724,1,50800000
826,1,1,0,1600000,5400000,12,707,1,9300000
827,5,0,1,800000,2500000,4,780,1,3500000
828,4,0,0,6300000,21900000,10,538,0,42100000
829,2,1,0,8800000,17700000,14,706,1,66700000
830,0,1,0,7300000,14500000,16,811,1,39100000
831,2,1,1,3800000,9100000,14,849,1,20700000
832,3,1,0,6200000,16700000,10,880,1,53200000
833,5,0,1,3500000,9500000,4,664,1,23000000
834,5,1,1,1400000,5000000,2,465,1,9400000
835,3,0,1,3500000,12000000,2,786,1,19400000
836,1,1,1,600000,2000000,10,326,0,4500000
837,0,0,0,4100000,10800000,16,399,0,31500000
838,2,0,1,5400000,11500000,6,841,1,24600000
839,2,0,1,2000000,6700000,14,638,1,12300000
840,4,1,1,3500000,8900000,4,478,0,23000000
841,0,1,1,8300000,30000000,4,600,1,63900000
842,0,1,1,6700000,15600000,16,768,1,31900000
843,0,0,0,1900000,6500000,10,523,0,10800000
844,2,1,1,6500000,20900000,14,327,0,35800000
845,1,1,1,600000,1800000,8,799,1,4700000
846,5,1,0,7000000,23000000,18,803,1,56900000
847,2,1,0,7700000,15400000,18,524,0,45600000
848,1,1,0,2600000,6600000,6,506,0,15900000
849,1,1,0,9200000,18800000,2,351,0,69100000
850,2,1,1,1800000,4200000,8,648,1,12100000
851,1,0,0,4900000,18500000,4,612,1,31300000
852,1,1,0,5700000,12400000,14,396,0,36100000
853,3,0,0,300000,800000,2,458,0,1800000
854,3,1,1,1700000,3400000,6,488,0,6700000
855,4,1,0,7000000,18900000,6,475,0,27300000
856,1,0,0,2200000,7000000,18,417,0,14300000
857,2,0,0,6800000,18700000,8,781,1,47600000
858,1,0,1,2400000,6200000,12,337,0,17200000
859,0,0,1,600000,1800000,12,511,0,3100000
860,4,1,0,6200000,17300000,6,837,1,45600000
861,1,0,0,7600000,24600000,12,810,1,47300000
862,2,0,0,4800000,10600000,8,588,1,28400000
863,5,1,0,4200000,9200000,12,870,1,23600000
864,0,0,1,7200000,20700000,10,733,1,56700000
865,5,0,1,6400000,20300000,16,348,0,48200000
866,0,0,1,8900000,23000000,12,741,1,51000000
867,3,0,0,5100000,14500000,12,306,0,24000000
868,2,1,1,6300000,19500000,18,428,0,49500000
869,3,1,0,6600000,22100000,4,455,1,39300000
870,1,0,1,4800000,14700000,2,356,1,34800000
871,0,1,0,200000,400000,4,594,1,1000000
872,0,0,1,7500000,25800000,18,844,1,34800000
873,4,1,0,9000000,34700000,4,771,1,56100000
874,2,1,0,5400000,12500000,4,622,1,34500000
875,1,0,1,1700000,4500000,20,480,0,8100000
876,4,1,0,4300000,11500000,20,337,0,39300000
877,1,1,0,5200000,11200000,6,698,1,43200000
878,4,0,0,4400000,17000000,18,302,0,22800000
879,1,0,1,3900000,7800000,14,349,0,27100000
880,0,1,0,1100000,3300000,10,482,0,7600000
881,2,1,0,2500000,8200000,10,429,0,13700000
882,4,1,0,500000,1300000,8,471,0,3000000
883,0,1,1,9000000,32400000,10,895,1,52800000
884,1,0,1,5100000,20300000,18,757,1,31800000
885,2,1,0,5200000,13500000,2,777,1,33800000
886,5,0,1,4400000,8900000,4,761,1,26300000
887,1,1,0,1900000,4200000,12,821,1,14400000
888,4,0,1,9200000,26500000,6,662,1,33600000
889,2,0,1,4800000,16500000,10,350,0,22800000
890,4,0,0,4900000,10700000,20,321,0,19200000
891,3,1,1,4800000,10100000,4,368,0,34200000
892,4,1,0,9300000,24900000,14,455,0,81300000
893,5,0,1,7500000,24600000,8,744,1,31200000
894,1,1,0,5900000,16800000,4,806,1,50800000
895,0,1,0,9400000,27900000,6,456,0,83300000
896,5,1,0,5300000,13400000,8,719,1,18500000
897,4,1,0,3700000,9000000,18,668,1,25900000
898,0,1,1,2500000,5800000,18,494,0,20300000
899,4,0,0,2800000,10800000,2,841,1,14500000
900,0,1,1,5400000,21400000,8,721,1,38700000
901,5,1,0,3100000,9400000,10,414,0,16300000
902,5,0,0,4800000,15500000,10,812,1,32300000
903,1,0,0,8800000,17500000,20,832,1,36800000
904,2,1,0,4100000,14900000,12,571,1,21500000
905,5,0,0,9700000,37000000,14,459,0,75000000
906,2,1,1,6400000,24100000,6,592,1,35000000
907,5,1,0,3400000,13100000,20,527,0,18000000
908,4,0,0,3500000,10200000,12,333,0,25500000
909,3,0,0,3200000,10000000,18,532,0,15300000
910,2,1,1,4900000,13100000,18,754,1,35200000
911,0,1,1,1300000,4800000,4,835,0,4700000
912,4,1,0,2500000,5400000,10,592,1,17700000
913,0,1,0,7500000,27300000,20,553,1,46700000
914,2,1,0,700000,2000000,8,806,1,5600000
915,4,1,1,8200000,28500000,2,378,1,55900000
916,1,0,0,6900000,26200000,4,534,1,50700000
917,1,0,1,1500000,5900000,16,400,0,12900000
918,3,1,0,6300000,18300000,18,543,0,32400000
919,0,0,1,8800000,25600000,10,715,1,71300000
920,4,1,1,8900000,20700000,6,684,1,37400000
921,3,0,1,2100000,6100000,8,346,0,13500000
922,1,1,1,9200000,29200000,6,669,1,57900000
923,2,0,0,3600000,8000000,12,566,1,25100000
924,0,0,1,8600000,23600000,2,361,0,63300000
925,5,1,0,3000000,8000000,6,333,0,14000000
926,3,0,1,5200000,16300000,8,335,0,37400000
927,3,1,1,7200000,20400000,10,558,1,51000000
928,1,0,1,4000000,15600000,12,436,0,31200000
929,1,0,0,2400000,5200000,2,371,0,19100000
930,2,0,1,5500000,18400000,10,515,0,33800000
931,0,0,1,9000000,24300000,10,599,1,49600000
932,0,0,1,7900000,24000000,20,728,1,63400000
933,2,0,1,6200000,21600000,20,679,1,54700000
934,3,1,1,7900000,29200000,4,399,1,65800000
935,3,0,0,1200000,4500000,6,819,1,7800000
936,1,1,0,4700000,11700000,6,308,0,31700000
937,5,1,1,5900000,15600000,2,730,1,39100000
938,4,0,1,1400000,5100000,14,312,0,9600000
939,3,0,1,4700000,12800000,16,740,1,28600000
940,5,1,1,7600000,20000000,10,522,0,47600000
941,4,1,0,7200000,16900000,4,702,1,54600000
942,4,0,1,1400000,4300000,16,447,0,11100000
943,5,1,0,1400000,2900000,4,829,1,8400000
944,2,1,0,7900000,18500000,18,727,1,59300000
945,5,0,1,7600000,18700000,14,509,0,42900000
946,3,1,1,9600000,34200000,2,745,1,44200000
947,1,0,0,2300000,6600000,18,513,0,16100000
948,2,0,0,8100000,18500000,6,372,0,68200000
949,2,1,1,300000,700000,4,411,0,1900000
950,4,1,0,4700000,10800000,20,495,0,39600000
951,5,0,0,1100000,2500000,4,827,1,8100000
952,4,0,0,8600000,25100000,6,820,1,53700000
953,5,1,1,8700000,28100000,10,660,1,62300000
954,0,0,0,2200000,8600000,4,563,1,9100000
955,1,0,1,500000,1400000,10,883,1,2900000
956,0,0,1,9100000,22000000,12,387,0,79600000
957,1,1,0,2200000,8700000,12,613,1,10400000
958,0,0,1,2200000,8000000,14,335,0,16300000
959,1,1,1,9600000,34500000,2,795,1,51700000
960,1,1,1,6500000,13900000,8,369,0,35400000
961,4,1,1,2400000,7400000,18,888,1,15100000
962,4,0,0,5500000,12300000,6,742,1,39700000
963,0,1,0,5000000,14400000,4,874,1,30300000
964,1,1,0,2700000,8100000,16,691,1,15800000
965,3,0,1,8500000,30300000,12,762,1,40600000
966,1,1,0,4400000,10700000,18,324,0,23600000
967,4,0,0,500000,1800000,20,777,1,2700000
968,0,1,0,8300000,21400000,2,662,1,53100000
969,2,0,1,6000000,13000000,12,462,0,24800000
970,3,0,1,4000000,10400000,14,609,1,25300000
971,5,1,1,4400000,11700000,20,590,1,21400000
972,3,1,1,4400000,15800000,18,779,1,31100000
973,2,1,1,1900000,5000000,14,641,1,9800000
974,0,1,1,5000000,18400000,12,752,1,35600000
975,0,1,0,8000000,23700000,10,305,0,63000000
976,4,0,0,8200000,20700000,10,546,0,53400000
977,2,1,0,7000000,24200000,8,833,1,53000000
978,2,0,0,2400000,8800000,18,421,0,12800000
979,5,1,0,6600000,18800000,4,639,1,33700000
980,3,1,0,3200000,6900000,20,735,1,17500000
981,0,0,1,2600000,5400000,2,377,0,13800000
982,3,0,0,6900000,15600000,20,310,0,33300000
983,4,1,0,4800000,14000000,2,695,1,33000000
984,1,0,1,300000,1200000,4,355,1,2000000
985,1,0,1,4300000,14100000,12,525,0,22800000
986,5,0,0,700000,2400000,20,330,0,5000000
987,5,1,0,9400000,25800000,14,625,1,85500000
988,3,0,1,800000,2900000,10,644,1,4400000
989,5,0,0,4400000,14900000,4,865,1,32800000
990,1,1,1,4700000,14800000,6,661,1,34500000
991,2,0,0,2300000,5000000,8,884,1,10700000
992,5,1,1,8500000,26700000,10,803,1,51100000
993,2,1,0,7600000,28300000,12,800,1,57900000
994,2,1,0,3200000,12600000,18,796,1,21300000
995,4,0,0,2400000,5000000,4,716,1,12600000
996,0,1,1,500000,1100000,18,479,0,4400000
997,3,0,1,8500000,28300000,2,810,1,58700000
998,0,1,1,8900000,20900000,18,568,1,57500000
999,0,1,0,2800000,5600000,8,842,1,9300000
1000,3,0,1,2900000,7000000,4,806,1,20200000
1001,1,1,1,4900000,17700000,8,722,1,35900000
1002,5,0,0,9600000,20700000,14,442,0,75600000
1003,3,1,1,3300000,9800000,6,360,0,20500000
1004,3,0,0,2800000,5900000,4,461,0,13700000
1005,2,1,0,7800000,22200000,10,735,1,44200000
1006,4,1,1,2500000,8400000,12,761,1,17600000
1007,0,1,0,4400000,10600000,20,653,1,33600000
1008,0,0,0,7900000,30800000,4,726,1,48900000
1009,1,1,0,8900000,22600000,18,617,1,63500000
1010,0,1,0,5600000,13400000,2,460,0,26400000
1011,1,0,0,1400000,3300000,8,306,0,7500000
1012,5,1,1,500000,1400000,4,471,0,2200000
1013,1,1,1,5100000,15300000,4,628,1,30500000
1014,3,1,0,9800000,25600000,10,404,0,79600000
1015,2,1,1,8600000,21600000,16,804,1,49600000
1016,3,0,0,1600000,3900000,20,804,1,7400000
1017,1,0,1,2500000,6700000,2,502,0,16800000
1018,0,1,0,9500000,22600000,6,861,1,72500000
1019,2,0,1,3000000,7800000,14,555,1,20600000
1020,0,0,0,5100000,13600000,18,351,0,27400000
1021,2,0,1,7600000,23600000,6,358,0,56100000
1022,5,1,0,8800000,18800000,14,836,1,65500000
1023,4,0,1,1100000,2900000,4,554,1,9500000
1024,3,1,0,8700000,30500000,2,443,1,46300000
1025,5,0,0,6100000,23600000,4,725,1,42900000
1026,2,0,1,1900000,7000000,14,818,1,14900000
1027,1,0,0,9900000,38700000,6,670,1,74300000
1028,0,1,0,5800000,21100000,6,414,0,31900000
1029,2,0,1,9500000,37000000,8,887,1,71000000
1030,3,1,1,7900000,26600000,12,409,0,49700000
1031,1,0,1,1300000,4500000,14,679,1,10100000
1032,4,1,1,700000,2600000,18,478,0,3600000
1033,3,1,0,600000,1200000,2,752,1,4600000
1034,0,1,0,9400000,33000000,4,616,1,53300000
1035,2,0,1,3800000,12500000,14,842,1,30300000
1036,3,1,1,7800000,26300000,20,840,1,41900000
1037,3,1,1,7800000,27700000,6,430,0,41400000
1038,4,0,0,2700000,7000000,4,351,0,14400000
1039,5,0,0,600000,2300000,4,347,0,2100000
1040,3,0,1,8000000,28800000,10,576,1,54500000
1041,0,0,1,4000000,11000000,8,799,1,29400000
1042,1,0,1,3300000,10800000,2,550,1,25500000
1043,2,1,0,5800000,13300000,4,878,1,36900000
1044,3,1,1,2400000,4800000,12,895,1,17700000
1045,4,0,0,7600000,29700000,6,603,1,44900000
1046,2,0,1,2500000,6900000,12,325,0,17400000
1047,2,1,0,3300000,11800000,4,393,1,18800000
1048,3,1,0,9800000,30300000,2,612,1,53000000
1049,0,1,1,1000000,3800000,8,553,1,6900000
1050,0,0,1,2500000,8800000,14,389,0,20800000
1051,0,1,0,1900000,6800000,4,782,1,10800000
1052,3,1,0,3100000,8500000,12,493,0,27800000
1053,5,1,1,6000000,11900000,2,629,1,25900000
1054,5,0,0,6500000,21600000,10,419,0,41400000
1055,2,0,1,5900000,15800000,2,444,0,44400000
1056,5,0,1,6500000,15800000,16,301,0,43600000
1057,0,1,1,3800000,11200000,20,479,0,24900000
1058,3,0,1,3000000,11400000,10,424,0,18400000
1059,0,1,0,4300000,16900000,18,469,0,24200000
1060,4,0,1,3500000,8300000,2,897,1,27800000
1061,3,0,0,300000,500000,2,477,0,2100000
1062,3,0,1,600000,1400000,16,509,0,4200000
1063,0,1,1,800000,1700000,4,752,1,7000000
1064,0,0,1,5600000,19100000,14,875,1,44200000
1065,2,0,1,1800000,3600000,4,343,0,12200000
1066,0,1,0,6800000,20800000,20,819,1,63100000
1067,2,1,1,4200000,16800000,2,433,1,21100000
1068,1,0,1,200000,400000,6,768,1,1000000
1069,2,1,1,8500000,31800000,6,714,1,50100000
1070,2,0,1,2800000,10100000,16,531,0,17100000
1071,0,1,1,3600000,8600000,6,529,0,23300000
1072,1,0,0,6200000,19500000,20,448,0,40800000
1073,1,1,0,2700000,10000000,2,584,1,20300000
1074,1,1,0,6800000,22900000,4,501,1,35000000
1075,2,0,0,6300000,24500000,18,848,1,40100000
1076,4,0,0,8800000,19100000,6,586,1,59400000
1077,1,1,0,5900000,13000000,2,386,0,37100000
1078,5,0,1,9800000,37900000,18,301,0,52100000
1079,2,1,0,3300000,8300000,6,653,1,20700000
1080,4,1,1,300000,500000,14,448,0,1700000
1081,1,0,1,4800000,11600000,16,696,1,29100000
1082,1,1,0,7500000,28300000,16,707,1,33800000
1083,2,0,0,8600000,21700000,4,429,0,53200000
1084,4,0,0,8900000,21100000,6,631,1,36400000
1085,5,0,1,9600000,29600000,4,446,1,76200000
1086,0,1,1,7700000,18100000,18,705,1,41300000
1087,3,0,1,7000000,15200000,2,709,1,47500000
1088,4,0,1,7800000,19500000,14,739,1,35700000
1089,3,1,0,5100000,11000000,6,336,0,24800000
1090,4,1,0,9400000,32600000,4,898,1,54400000
1091,4,0,1,600000,2100000,6,558,1,4800000
1092,3,1,0,5100000,13300000,4,589,1,40200000
1093,2,1,1,3800000,14400000,2,301,0,13700000
1094,2,0,1,5300000,21200000,14,516,0,35800000
1095,5,0,0,1100000,3600000,12,315,0,6500000
1096,3,0,0,6400000,14400000,10,546,0,46900000
1097,0,0,1,5100000,14500000,14,559,1,30400000
1098,3,1,1,5300000,16900000,2,350,1,40000000
1099,1,1,0,6700000,18700000,8,583,1,37400000
1100,2,0,0,4000000,9400000,8,874,1,23100000
1101,2,0,1,3900000,11600000,8,808,1,26800000
1102,1,1,1,1600000,4900000,16,487,0,11300000
1103,3,1,0,2700000,7800000,14,870,1,18500000
1104,3,1,0,1400000,3800000,8,840,1,8700000
1105,4,0,1,8000000,19200000,18,682,1,35700000
1106,3,1,1,8200000,28900000,10,668,1,67900000
1107,5,1,1,4800000,10300000,8,781,1,27000000
1108,4,1,0,8100000,19000000,6,375,0,49600000
1109,4,0,0,5900000,14900000,14,857,1,31600000
1110,5,1,1,8100000,32100000,6,823,1,50600000
1111,0,1,0,1400000,5000000,8,686,1,8400000
1112,1,1,0,1600000,6300000,2,721,1,9700000
1113,4,1,0,4600000,9400000,18,545,0,21000000
1114,1,0,0,2900000,8900000,6,523,0,18000000
1115,2,1,1,8600000,24900000,20,607,1,58400000
1116,4,0,0,3800000,14900000,20,428,0,24700000
1117,0,0,0,8200000,20300000,4,666,1,57000000
1118,3,1,0,3200000,10100000,20,704,1,21100000
1119,0,0,1,8100000,23800000,10,794,1,50400000
1120,1,1,1,9800000,23300000,12,430,0,60200000
1121,0,0,0,200000,500000,20,615,1,1500000
1122,0,0,0,6600000,14100000,20,360,0,45100000
1123,0,0,0,9100000,18300000,14,458,0,59400000
1124,2,0,0,5500000,20400000,12,887,1,33800000
1125,4,0,0,7200000,27400000,8,735,1,57200000
1126,1,0,0,2400000,5600000,16,379,0,14900000
1127,4,1,0,9600000,25500000,20,544,0,50300000
1128,1,1,1,5800000,16700000,12,721,1,35500000
1129,4,0,0,2300000,6000000,8,676,1,13400000
1130,1,0,0,300000,1200000,4,342,1,2200000
1131,0,0,0,9900000,27000000,16,566,1,69200000
1132,2,0,0,3500000,14000000,2,355,1,25000000
1133,2,1,0,4800000,18500000,20,605,1,31700000
1134,2,0,0,1600000,5200000,16,525,0,10400000
1135,5,1,1,800000,2500000,12,403,0,4500000
1136,1,1,1,9000000,33500000,18,727,1,62700000
1137,1,1,0,8300000,28900000,12,529,0,60500000
1138,4,1,0,2800000,6100000,18,415,0,16800000
1139,1,1,1,6400000,17300000,10,879,1,34700000
1140,2,0,1,6000000,12600000,16,649,1,39100000
1141,0,1,0,2900000,9800000,16,395,0,20700000
1142,0,1,0,6500000,24100000,20,488,0,41900000
1143,1,1,1,200000,400000,8,569,1,1400000
1144,1,0,0,8400000,24600000,14,817,1,54400000
1145,1,1,1,6100000,17800000,20,706,1,48100000
1146,2,1,1,8000000,31200000,8,553,1,41600000
1147,5,0,1,900000,1800000,14,464,0,5100000
1148,2,1,0,7300000,20000000,6,729,1,50800000
1149,4,0,1,3700000,7400000,12,363,0,26500000
1150,2,1,0,5200000,17200000,12,565,1,31100000
1151,1,1,0,7200000,21000000,14,421,0,41500000
1152,0,0,1,9400000,34200000,10,512,0,67600000
1153,3,0,1,3400000,12400000,2,730,1,23200000
1154,0,1,0,600000,2300000,8,627,1,4800000
1155,0,0,1,3300000,10000000,16,434,0,24100000
1156,2,1,1,5900000,14300000,2,410,0,37300000
1157,3,0,0,1300000,3600000,16,624,1,9900000
1158,4,1,1,5700000,16900000,4,656,1,50800000
1159,2,0,0,7700000,27300000,16,758,1,45800000
1160,4,0,1,7000000,23500000,18,336,0,52000000
1161,5,1,0,8100000,21900000,18,378,0,34400000
1162,1,1,1,1900000,4200000,4,620,1,15900000
1163,2,1,0,4500000,9100000,18,593,1,15400000
1164,0,0,1,9600000,34000000,12,710,1,80000000
1165,1,0,1,5400000,20700000,8,753,1,25300000
1166,1,0,1,7800000,27200000,16,454,0,48000000
1167,1,1,1,8200000,19100000,8,619,1,67500000
1168,2,1,0,8900000,28500000,6,367,0,69600000
1169,1,1,0,1400000,3100000,20,384,0,7400000
1170,2,1,0,1700000,5900000,16,610,1,8400000
1171,0,1,0,5300000,19500000,12,802,1,31500000
1172,3,1,0,6500000,25200000,10,858,1,48400000
1173,2,1,0,5900000,14000000,8,599,1,38700000
1174,4,1,1,9800000,27000000,2,395,0,54400000
1175,3,1,1,7700000,16200000,6,380,0,55500000
1176,1,1,0,7900000,27100000,10,803,1,58600000
1177,4,1,0,3500000,8900000,20,809,1,25500000
1178,4,0,0,2400000,6600000,2,722,1,18000000
1179,5,1,0,9900000,35700000,10,392,0,64400000
1180,0,1,0,3900000,14500000,8,545,0,22600000
1181,2,0,1,7300000,28500000,10,799,1,44700000
1182,0,1,1,6400000,21900000,12,727,1,54800000
1183,4,1,0,7100000,19800000,18,530,0,38500000
1184,2,0,0,8800000,19000000,14,637,1,60800000
1185,5,1,0,7400000,21000000,4,561,1,55400000
1186,2,0,0,4400000,12000000,20,421,0,31100000
1187,3,1,1,8600000,30300000,14,459,0,49000000
1188,3,0,0,6900000,26000000,14,828,1,41100000
1189,4,1,0,9600000,27500000,20,679,1,75000000
1190,2,1,1,8100000,25700000,8,455,0,63100000
1191,0,0,0,2600000,9400000,18,879,1,11600000
1192,3,1,1,9300000,26100000,14,636,1,66900000
1193,2,0,1,2100000,5600000,16,426,0,9000000
1194,4,0,1,9000000,21500000,14,508,0,71300000
1195,3,0,1,7000000,19200000,4,768,1,49200000
1196,3,0,0,2200000,6400000,20,667,1,21400000
1197,5,1,1,7500000,28200000,2,440,1,44400000
1198,1,1,1,8300000,16800000,2,366,0,60400000
1199,2,0,0,300000,600000,2,383,0,2400000
1200,0,0,1,300000,800000,4,603,1,1800000
1201,3,1,0,3900000,14900000,4,728,1,29100000
1202,0,0,0,6600000,20300000,6,549,0,44600000
1203,0,1,0,4100000,10700000,8,855,1,26500000
1204,5,1,1,1800000,5300000,12,461,0,11500000
1205,3,0,1,7000000,16100000,16,379,0,40200000
1206,2,0,1,5100000,13700000,6,559,1,35400000
1207,1,0,1,300000,600000,8,816,1,2200000
1208,4,0,1,4300000,11400000,2,560,1,26100000
1209,0,1,1,3200000,12000000,14,645,1,22100000
1210,4,0,1,4200000,11500000,6,551,1,34500000
1211,0,0,1,9600000,22900000,8,515,0,60100000
1212,4,1,0,1300000,3600000,10,657,1,9100000
1213,3,0,0,2400000,9300000,2,682,1,14200000
1214,0,1,0,600000,1600000,10,588,1,3100000
1215,5,1,1,9600000,38000000,10,359,0,63300000
1216,0,1,0,400000,1200000,4,766,1,2700000
1217,4,1,0,5900000,19900000,14,469,0,46300000
1218,0,1,1,700000,1400000,10,618,1,3700000
1219,0,0,1,8600000,17700000,20,711,1,60200000
1220,0,1,1,9000000,34000000,4,549,1,43300000
1221,3,1,1,5100000,20400000,6,754,1,23700000
1222,4,0,1,500000,1500000,6,461,0,3700000
1223,2,1,0,1600000,3800000,10,837,1,12000000
1224,0,1,1,9800000,23900000,14,459,0,42700000
1225,4,1,0,7800000,29700000,20,614,1,55800000
1226,4,0,0,6500000,24000000,16,373,0,33000000
1227,5,1,1,7500000,26500000,12,512,0,49100000
1228,4,1,1,8900000,23400000,18,781,1,50300000
1229,4,1,1,1800000,5800000,14,305,0,9500000
1230,1,0,1,7600000,27800000,6,447,0,33000000
1231,4,1,1,1200000,4600000,6,757,1,8400000
1232,5,1,1,2700000,10400000,2,723,1,15200000
1233,1,0,1,4600000,10900000,12,463,0,19900000
1234,2,0,0,6900000,18700000,10,699,1,44900000
1235,4,1,1,8400000,25200000,2,308,1,55600000
1236,0,1,0,300000,500000,18,702,1,2000000
1237,2,0,1,9500000,37500000,4,456,1,74000000
1238,3,1,1,1900000,5900000,8,651,1,10500000
1239,3,0,0,4200000,14500000,20,840,1,23900000
1240,4,1,1,2200000,7900000,18,848,1,16900000
1241,5,1,1,7100000,19700000,4,727,1,50000000
1242,4,1,0,3500000,11600000,10,335,0,24100000
1243,5,0,0,400000,800000,18,304,0,3200000
1244,2,1,1,8800000,34400000,2,712,1,58200000
1245,0,0,0,1800000,6600000,10,737,1,14500000
1246,1,1,1,7600000,29300000,14,690,1,57000000
1247,1,1,1,1000000,3200000,4,888,1,7000000
1248,2,0,1,8200000,27200000,10,839,1,47100000
1249,5,0,1,3600000,12400000,8,333,0,24500000
1250,5,1,0,9400000,23700000,18,862,1,53000000
1251,5,0,0,2600000,9100000,4,309,1,17100000
1252,5,0,0,9500000,30700000,10,823,1,63400000
1253,0,1,1,3500000,11700000,14,649,1,19600000
1254,5,0,1,9800000,35700000,10,726,1,71500000
1255,4,1,0,800000,3100000,18,712,1,4100000
1256,0,0,0,9700000,37300000,20,701,1,62900000
1257,3,1,0,6200000,21300000,12,655,1,42300000
1258,1,0,1,4400000,16600000,18,385,0,24600000
1259,2,1,0,1800000,3800000,4,777,1,13800000
1260,3,1,0,1700000,5300000,14,696,1,6300000
1261,3,1,0,3900000,14100000,16,496,0,21300000
1262,2,1,1,2200000,7900000,6,659,1,16200000
1263,3,0,1,6300000,17700000,2,542,0,39400000
1264,2,0,0,2200000,8700000,18,729,1,16100000
1265,1,1,0,8100000,28400000,6,744,1,60300000
1266,4,0,0,6800000,17000000,2,749,1,58300000
1267,0,1,0,4700000,14800000,20,755,1,36400000
1268,3,1,1,2200000,5300000,2,506,0,11900000
1269,3,1,1,3500000,13000000,6,391,0,27200000
1270,1,0,1,3500000,11600000,10,898,1,19300000
1271,5,0,0,500000,1500000,12,527,0,2000000
1272,5,0,0,9900000,35800000,20,470,0,81700000
1273,1,1,0,8400000,25000000,12,694,1,50900000
1274,1,1,0,5000000,18800000,14,325,0,35900000
1275,4,0,1,5500000,13400000,10,880,1,23800000
1276,5,1,1,3000000,11900000,14,459,0,26700000
1277,3,0,1,9400000,21400000,10,323,0,61500000
1278,4,1,0,7600000,29000000,8,739,1,61100000
1279,0,0,1,5500000,16300000,10,724,1,31500000
1280,1,1,0,3100000,7400000,18,487,0,23300000
1281,3,1,0,7700000,27700000,4,439,1,54700000
1282,2,1,0,9800000,25400000,2,655,1,53700000
1283,3,0,0,3200000,9200000,14,443,0,16100000
1284,2,1,0,700000,2600000,20,489,0,3600000
1285,4,0,1,3100000,8600000,14,427,0,20500000
1286,0,1,1,4500000,10500000,20,417,0,27200000
1287,5,0,1,8900000,24800000,18,842,1,49300000
1288,3,0,0,5900000,23200000,2,307,1,52900000
1289,2,0,0,1500000,4500000,18,428,0,12400000
1290,4,0,1,6300000,15200000,16,415,0,45900000
1291,3,0,1,6500000,18200000,20,405,0,41200000
1292,4,1,0,8000000,31500000,18,683,1,57900000
1293,1,1,1,3300000,10600000,14,742,1,13800000
1294,4,0,0,3900000,10000000,10,530,0,25300000
1295,3,1,0,1600000,3500000,10,844,1,13500000
1296,2,0,1,3900000,13900000,18,715,1,22600000
1297,3,1,1,8000000,26300000,12,476,0,53700000
1298,2,1,0,2200000,4800000,6,721,1,11000000
1299,4,0,0,7600000,30300000,12,339,0,56400000
1300,5,0,1,2700000,6800000,6,461,0,16400000
1301,2,1,1,6300000,23200000,12,556,1,44800000
1302,3,0,0,7700000,18700000,8,483,0,55500000
1303,2,1,0,4500000,17200000,18,406,0,27500000
1304,2,1,1,9400000,24800000,14,513,0,87100000
1305,0,0,0,4600000,12600000,16,574,1,28300000
1306,0,1,1,5200000,15700000,6,692,1,29100000
1307,5,1,1,8000000,29800000,18,867,1,63800000
1308,1,0,1,9900000,38500000,2,875,1,49200000
1309,4,1,1,8500000,18600000,10,597,1,52400000
1310,2,1,1,4900000,12000000,20,513,0,45400000
1311,3,1,1,7000000,24200000,2,354,1,49000000
1312,2,0,0,9600000,25900000,18,647,1,68800000
1313,1,1,0,9700000,23700000,6,875,1,74400000
1314,1,1,0,6200000,14300000,20,819,1,40200000
1315,4,0,1,4100000,9600000,10,521,0,38000000
1316,0,1,1,6100000,19900000,20,761,1,28000000
1317,0,1,0,700000,1900000,18,572,1,4700000
1318,3,1,0,6400000,24100000,12,571,1,51200000
1319,4,1,1,3800000,7800000,20,891,1,29200000
1320,1,0,0,4900000,14800000,12,895,1,40300000
1321,2,1,0,2100000,6600000,20,580,1,16200000
1322,2,1,0,6200000,23400000,8,605,1,51800000
1323,4,0,0,1600000,5100000,8,705,1,10200000
1324,1,0,1,1300000,5000000,20,423,0,7200000
1325,5,0,1,7300000,22500000,2,846,1,40500000
1326,2,0,0,2100000,5000000,4,542,0,11000000
1327,5,0,0,600000,2400000,18,631,1,3900000
1328,4,1,0,7000000,24500000,18,318,0,25900000
1329,1,0,1,3000000,6800000,10,541,0,25100000
1330,1,1,0,900000,2900000,20,782,1,5800000
1331,2,1,0,9600000,35000000,2,888,1,62800000
1332,0,1,0,1500000,3600000,14,747,1,5800000
1333,0,1,1,5000000,18900000,6,641,1,39100000
1334,3,1,1,500000,1700000,4,640,1,2600000
1335,4,0,0,7600000,28100000,12,324,0,52000000
1336,4,1,0,5500000,21200000,20,359,0,34500000
1337,0,0,1,6600000,23300000,12,338,0,31400000
1338,0,1,0,1400000,3200000,14,384,0,9300000
1339,5,0,1,8800000,26600000,16,545,0,73700000
1340,5,0,0,6200000,24200000,18,610,1,45900000
1341,2,1,1,8300000,27900000,18,840,1,44400000
1342,3,0,0,2400000,8100000,6,630,1,19400000
1343,1,1,0,9100000,31200000,4,508,1,63400000
1344,0,0,1,9500000,34900000,4,535,1,54500000
1345,1,1,0,1200000,3400000,20,717,1,8000000
1346,2,1,1,7700000,19300000,8,735,1,37300000
1347,5,1,1,7800000,22000000,20,528,0,44200000
1348,0,1,1,9400000,20000000,4,350,0,46600000
1349,0,0,0,1700000,5700000,12,422,0,11900000
1350,5,1,0,4000000,13700000,6,496,0,20800000
1351,4,0,0,4200000,15500000,18,794,1,23600000
1352,2,1,0,2400000,7700000,6,719,1,16000000
1353,3,0,1,2700000,6100000,14,630,1,19600000
1354,3,0,1,600000,1800000,4,843,1,3800000
1355,2,1,0,4600000,15600000,2,764,1,31000000
1356,3,1,0,7200000,17700000,4,662,1,46200000
1357,0,0,0,4700000,15500000,16,311,0,33200000
1358,4,0,0,4300000,10100000,2,606,1,26100000
1359,5,1,0,4700000,10200000,16,874,1,36600000
1360,4,0,1,8700000,30000000,4,370,1,79900000
1361,1,1,0,7000000,20500000,10,414,0,53000000
1362,2,0,0,600000,1100000,10,800,1,4600000
1363,1,0,0,6800000,16900000,12,779,1,51800000
1364,1,0,0,6400000,14100000,20,553,1,39800000
1365,4,0,0,7600000,29900000,18,445,0,42800000
1366,3,0,0,9000000,21400000,8,496,0,68000000
1367,0,1,1,2400000,5900000,10,650,1,16400000
1368,3,0,0,6800000,17900000,6,783,1,58900000
1369,5,1,1,3500000,13500000,10,535,0,24400000
1370,4,1,1,8900000,34000000,20,415,0,63000000
1371,0,0,0,6000000,15300000,8,709,1,30500000
1372,3,0,0,700000,2500000,14,819,1,5600000
1373,0,0,1,6800000,17300000,18,841,1,43800000
1374,4,0,1,5300000,10700000,12,700,1,41100000
1375,1,1,1,1400000,4200000,4,881,1,10400000
1376,2,1,1,1400000,4600000,4,804,1,10000000
1377,4,0,0,9200000,21700000,6,653,1,65300000
1378,1,1,1,7900000,29200000,2,663,1,70400000
1379,0,0,0,4500000,17500000,10,495,0,29700000
1380,1,0,0,3800000,9800000,8,335,0,21200000
1381,5,1,1,1500000,4900000,6,618,1,8500000
1382,3,0,0,1200000,2400000,12,480,0,7900000
1383,4,0,0,1700000,4900000,18,843,1,15000000
1384,4,1,0,5200000,14100000,16,483,0,34500000
1385,1,0,0,1600000,5100000,12,548,0,9300000
1386,4,1,1,6600000,16000000,16,379,0,48300000
1387,5,0,1,9400000,26600000,20,771,1,71400000
1388,4,1,1,300000,500000,2,353,0,2300000
1389,5,0,0,4600000,11500000,16,668,1,25300000
1390,3,0,1,6100000,21300000,2,387,1,30600000
1391,0,0,1,1500000,4100000,12,789,1,12300000
1392,0,1,1,400000,900000,2,855,1,2100000
1393,0,0,0,8700000,33600000,14,751,1,50600000
1394,3,0,0,7000000,21600000,12,739,1,42100000
1395,4,1,0,4700000,13100000,14,492,0,26000000
1396,4,0,1,7600000,23800000,16,896,1,30000000
1397,1,0,1,9200000,24500000,4,545,0,59600000
1398,5,0,0,9400000,36800000,20,891,1,58700000
1399,0,1,0,4800000,15100000,6,848,1,23900000
1400,3,0,1,600000,2400000,12,884,1,3400000
1401,3,1,1,4900000,14300000,14,439,0,38400000
1402,3,1,1,3300000,8500000,12,586,1,24300000
1403,3,1,1,9100000,18800000,20,308,0,50000000
1404,5,1,0,6100000,23500000,16,300,0,28600000
1405,3,1,1,8400000,19600000,2,741,1,48700000
1406,4,1,0,7900000,31400000,8,698,1,61700000
1407,2,0,1,6100000,22300000,10,733,1,44600000
1408,3,0,1,2000000,4200000,16,571,1,12700000
1409,3,1,1,9900000,29900000,20,490,0,54100000
1410,2,0,0,9500000,25400000,16,451,0,67100000
1411,4,1,1,1900000,6800000,6,559,1,13200000
1412,4,1,1,6900000,21400000,10,577,1,35900000
1413,2,0,1,1500000,5000000,4,613,1,13000000
1414,4,0,0,1900000,3800000,20,785,1,9200000
1415,0,1,1,2300000,6000000,8,690,1,16400000
1416,2,0,0,7800000,17100000,14,351,0,52600000
1417,4,0,0,400000,1000000,10,447,0,1500000
1418,0,1,1,9400000,19200000,20,708,1,74100000
1419,2,1,0,9100000,21700000,12,549,0,83400000
1420,1,1,1,9000000,18800000,8,797,1,43900000
1421,4,0,0,7100000,14300000,14,537,0,48400000
1422,3,1,0,800000,2500000,12,828,1,3900000
1423,0,1,1,4500000,9600000,14,471,0,25500000
1424,5,1,0,8500000,25400000,4,336,0,49300000
1425,3,0,1,2500000,9800000,16,424,0,15000000
1426,2,1,0,1500000,3300000,18,440,0,7900000
1427,0,0,0,6200000,17300000,8,583,1,24500000
1428,1,0,1,1300000,2900000,6,480,0,7500000
1429,5,0,0,6600000,25800000,10,670,1,40900000
1430,0,1,1,5300000,13700000,6,329,0,30400000
1431,5,0,0,1400000,3000000,6,754,1,12900000
1432,2,0,1,2900000,7800000,18,588,1,16300000
1433,3,0,0,6500000,16500000,4,551,1,32200000
1434,3,1,0,8300000,18900000,4,316,0,59400000
1435,2,0,1,8900000,32200000,12,382,0,37200000
1436,3,1,0,5300000,15000000,6,717,1,33500000
1437,0,1,0,2800000,7300000,6,676,1,14600000
1438,1,0,0,8000000,27800000,6,667,1,51000000
1439,3,0,0,3900000,10500000,20,821,1,22800000
1440,0,1,0,6200000,20100000,20,345,0,36700000
1441,3,0,1,5900000,19200000,10,442,0,33000000
1442,1,1,1,6000000,23300000,12,672,1,39300000
1443,3,0,1,9100000,29300000,2,508,1,67600000
1444,5,1,1,3400000,12300000,10,615,1,23500000
1445,1,1,1,1800000,4400000,8,689,1,11100000
1446,1,1,0,300000,1200000,18,747,0,1000000
1447,1,1,1,9000000,22800000,10,412,0,52300000
1448,1,1,0,6400000,16900000,2,703,1,36900000
1449,5,0,0,5800000,22200000,16,884,1,34000000
1450,5,1,1,2600000,8600000,18,651,1,11500000
1451,4,0,0,6600000,17300000,14,793,1,39500000
1452,2,0,0,6100000,21800000,4,407,1,35900000
1453,2,0,0,4100000,11100000,8,390,0,17400000
1454,3,0,1,300000,1000000,12,469,0,2000000
1455,4,1,0,4700000,10400000,6,373,0,35100000
1456,4,1,1,1500000,5800000,2,304,1,8700000
1457,5,0,0,2700000,8300000,8,833,1,16000000
1458,2,1,0,6900000,20900000,2,302,1,65500000
1459,0,1,0,7600000,28700000,6,397,0,52600000
1460,1,1,0,4100000,10000000,6,891,1,21400000
1461,3,0,0,4100000,12200000,2,457,0,20200000
1462,4,0,0,1600000,3200000,16,657,1,7200000
1463,2,0,1,400000,1400000,2,480,1,2700000
1464,5,1,1,4400000,17300000,20,840,1,23900000
1465,2,0,1,3800000,8000000,12,866,1,16900000
1466,0,0,0,4300000,17000000,8,619,1,31700000
1467,1,1,1,9000000,33500000,2,748,1,54900000
1468,3,0,1,9500000,25500000,12,881,1,71600000
1469,2,1,1,6900000,13900000,8,829,1,49400000
1470,3,0,0,4300000,11100000,6,312,0,22000000
1471,3,0,0,6600000,21400000,10,467,0,46700000
1472,1,1,1,5200000,14300000,18,650,1,28900000
1473,3,1,1,400000,1100000,6,711,1,1900000
1474,4,0,0,1300000,4100000,18,886,1,7700000
1475,5,0,0,9700000,28400000,4,494,0,51700000
1476,2,1,1,5400000,10900000,14,741,1,33300000
1477,4,0,0,1200000,3300000,12,876,1,5300000
1478,0,1,1,7000000,26400000,14,610,1,33500000
1479,5,1,0,7600000,26000000,6,778,1,51700000
1480,5,1,1,700000,1800000,14,571,1,2900000
1481,3,1,1,7500000,25100000,18,554,1,53600000
1482,0,0,1,2300000,6200000,8,712,1,18800000
1483,5,0,1,5600000,11500000,4,695,1,36100000
1484,0,0,1,5400000,10900000,20,366,0,30000000
1485,1,0,1,1800000,5500000,10,426,0,14000000
1486,0,0,0,2900000,6900000,10,320,0,14800000
1487,3,0,1,1400000,4600000,8,543,0,7400000
1488,2,1,0,2800000,11000000,16,525,0,18200000
1489,0,0,1,3300000,13100000,12,812,1,21500000
1490,0,0,0,7000000,25300000,14,697,1,46500000
1491,1,0,0,3900000,15100000,12,527,0,30600000
1492,1,0,0,5700000,17200000,4,512,1,35700000
1493,0,1,0,4100000,9200000,4,671,1,25000000
1494,1,1,1,2200000,8700000,20,539,0,15800000
1495,5,0,0,2200000,7200000,10,532,0,12100000
1496,3,0,1,2500000,7700000,16,485,0,14400000
1497,0,0,1,900000,2100000,6,521,0,4600000
1498,1,0,0,2900000,7400000,10,874,1,15000000
1499,2,0,0,9800000,22900000,10,788,1,52800000
1500,2,0,0,5200000,14800000,12,659,1,38900000
1501,1,1,1,8600000,19600000,16,498,0,44100000
1502,2,1,1,4800000,13200000,20,310,0,33500000
1503,0,1,0,2000000,4700000,6,785,1,13100000
1504,0,1,0,3600000,8700000,10,309,0,19200000
1505,3,0,1,5300000,19600000,2,433,1,38400000
1506,1,0,1,400000,1300000,18,801,1,2200000
1507,3,1,1,6500000,22400000,6,488,0,57000000
1508,0,0,1,2300000,6000000,16,756,1,13700000
1509,3,1,0,1000000,2800000,4,757,1,7300000
1510,5,0,0,3200000,10100000,6,828,1,26200000
1511,3,1,1,3400000,7200000,12,733,1,17800000
1512,0,0,0,9600000,38200000,8,421,0,63100000
1513,3,0,0,5300000,20300000,4,872,1,37600000
1514,3,1,0,4700000,17400000,10,393,0,41700000
1515,3,1,0,9700000,37800000,12,700,1,57200000
1516,5,1,0,8800000,21600000,18,613,1,65900000
1517,5,1,0,5900000,13400000,6,455,0,42900000
1518,4,1,1,2400000,7100000,16,871,1,19300000
1519,4,1,1,7900000,21500000,16,497,0,38200000
1520,0,1,0,1400000,2700000,2,649,1,10200000
1521,0,1,1,3500000,10000000,14,709,1,21300000
1522,4,1,0,3400000,13500000,12,705,1,24300000
1523,2,1,0,6100000,23600000,2,476,1,33800000
1524,2,0,1,3000000,7100000,4,819,1,18300000
1525,5,0,1,3400000,9400000,16,535,0,24800000
1526,0,1,1,400000,1200000,14,889,1,2200000
1527,0,1,0,5900000,11800000,12,468,0,42800000
1528,5,1,1,400000,800000,2,759,1,2200000
1529,3,1,1,9000000,33600000,2,426,1,70400000
1530,0,1,1,8800000,23600000,8,712,1,42100000
1531,4,1,1,2000000,4700000,2,615,1,10300000
1532,2,1,0,4700000,14000000,12,784,1,37800000
1533,4,0,0,2700000,6100000,16,677,1,13700000
1534,1,0,0,2600000,7900000,12,306,0,15300000
1535,1,0,1,9000000,25400000,16,655,1,67100000
1536,4,0,0,5100000,19400000,8,755,1,22700000
1537,2,1,0,6600000,25800000,18,598,1,29200000
1538,2,1,0,4400000,9800000,18,712,1,20800000
1539,4,0,1,1500000,4600000,6,524,0,12100000
1540,1,0,0,6200000,23100000,16,838,1,41000000
1541,4,1,1,900000,2900000,6,560,1,6400000
1542,3,0,0,7700000,26400000,12,759,1,39000000
1543,2,1,1,600000,2400000,6,454,0,3300000
1544,4,0,0,4300000,16500000,4,539,1,28100000
1545,2,0,1,8200000,27800000,16,827,1,56900000
1546,0,0,0,3500000,11900000,12,686,1,21800000
1547,1,1,1,9900000,34100000,14,371,0,67000000
1548,5,1,0,700000,1900000,4,784,1,4200000
1549,1,1,1,2100000,7300000,16,826,1,14200000
1550,2,0,0,3200000,10500000,12,502,0,20300000
1551,0,1,0,2900000,7800000,8,367,0,15700000
1552,0,0,0,7000000,18300000,6,541,0,41800000
1553,1,1,0,3700000,13600000,16,608,1,18800000
1554,3,0,1,4500000,13100000,12,570,1,28400000
1555,3,1,0,200000,800000,18,752,1,900000
1556,5,0,1,5600000,20500000,8,873,1,42200000
1557,5,1,0,5400000,18600000,2,538,1,33200000
1558,4,0,0,300000,1000000,10,819,1,2100000
1559,1,1,1,7500000,29800000,18,770,1,43300000
1560,5,0,1,2500000,9600000,6,345,0,13200000
1561,4,1,1,3100000,8100000,12,730,1,24300000
1562,1,1,1,7600000,19300000,20,835,1,38300000
1563,3,0,1,500000,1700000,2,811,1,2600000
1564,2,0,0,2700000,5900000,14,662,1,15900000
1565,2,0,1,3500000,13300000,4,420,1,18400000
1566,5,0,0,3700000,11700000,4,413,1,28600000
1567,2,0,1,5600000,20000000,10,367,0,43800000
1568,5,0,1,4800000,16400000,14,390,0,24300000
1569,4,0,1,5200000,12200000,2,602,1,39300000
1570,3,1,0,2900000,11500000,16,843,1,19900000
1571,1,1,0,2700000,6800000,20,713,1,11800000
1572,3,1,0,5000000,16200000,8,591,1,24300000
1573,2,0,1,2700000,9400000,14,701,1,15600000
1574,4,0,1,2800000,10000000,12,655,1,20300000
1575,3,0,1,7300000,20000000,18,720,1,58200000
1576,0,1,1,5900000,15100000,10,794,1,30600000
1577,0,1,0,8100000,21300000,2,392,0,63300000
1578,3,1,1,1900000,7100000,6,583,1,11700000
1579,5,1,0,1800000,6800000,18,457,0,8500000
1580,0,0,1,7600000,17800000,14,570,1,58700000
1581,1,1,0,9100000,30100000,14,890,1,70200000
1582,2,0,1,5300000,12300000,14,472,0,35300000
1583,2,0,0,3700000,10900000,12,788,1,17200000
1584,0,0,0,9500000,35300000,6,605,1,60800000
1585,3,1,0,8300000,30500000,10,473,0,57800000
1586,5,1,0,6400000,21500000,16,728,1,32500000
1587,5,1,1,5300000,17800000,16,505,0,36400000
1588,0,1,1,5600000,19300000,6,407,0,29600000
1589,1,1,1,900000,1700000,18,464,0,3900000
1590,0,1,1,2400000,7200000,20,514,0,14700000
1591,1,1,0,9500000,23000000,10,627,1,70800000
1592,2,0,1,7400000,14900000,20,627,1,55300000
1593,4,0,1,1500000,3200000,10,858,1,7900000
1594,3,1,1,8800000,30200000,8,607,1,53700000
1595,5,0,1,4900000,14300000,4,663,1,39700000
1596,1,0,1,8100000,26900000,6,522,0,48000000
1597,2,0,1,2300000,9100000,20,610,1,15500000
1598,5,0,1,3000000,6600000,16,462,0,21700000
1599,2,0,1,3900000,9300000,8,591,1,26500000
1600,4,1,1,1700000,6500000,20,636,1,11100000
1601,0,0,1,2100000,4900000,10,359,0,8900000
1602,4,1,1,9700000,25000000,4,542,0,64500000
1603,5,0,1,3500000,11800000,4,642,1,20700000
1604,5,0,1,1500000,5500000,4,414,1,6300000
1605,3,0,1,8800000,26200000,20,865,1,69300000
1606,3,1,0,900000,3100000,10,369,0,3700000
1607,0,1,1,3500000,10800000,14,838,1,27100000
1608,5,0,0,5500000,21200000,4,582,1,40600000
1609,5,0,1,9800000,23200000,10,416,0,58400000
1610,5,1,0,2100000,5500000,20,705,1,12600000
1611,0,1,0,1800000,5700000,18,306,0,8500000
1612,5,1,1,5800000,13000000,8,851,1,37200000
1613,5,1,0,6700000,17200000,18,613,1,48200000
1614,3,1,0,4300000,16300000,10,366,0,31400000
1615,1,1,0,1200000,2800000,12,431,0,5100000
1616,5,0,1,9700000,25900000,2,754,1,54200000
1617,5,1,1,5400000,11200000,10,447,0,35600000
1618,1,0,1,5300000,14100000,14,510,0,50400000
1619,1,1,0,7300000,24200000,20,324,0,44000000
1620,5,1,0,9500000,19200000,2,523,0,42700000
1621,0,0,1,7200000,15600000,2,362,0,31800000
1622,3,1,1,9000000,32900000,6,657,1,51700000
1623,5,0,0,6500000,23300000,12,790,1,35300000
1624,1,1,1,9500000,30500000,18,500,0,30600000
1625,2,0,1,9900000,33200000,4,465,1,72700000
1626,4,0,0,2900000,8700000,6,409,0,19600000
1627,4,1,1,700000,1800000,20,626,1,2800000
1628,5,0,0,4200000,13400000,16,545,0,34000000
1629,3,0,0,4200000,11400000,10,654,1,31100000
1630,0,0,0,7600000,26500000,6,515,0,47100000
1631,2,1,1,7100000,18800000,12,838,1,27800000
1632,1,0,1,4700000,16000000,14,406,0,26900000
1633,0,1,1,9800000,23200000,10,573,1,65400000
1634,0,1,1,9800000,38700000,2,611,1,56000000
1635,0,0,0,5100000,13400000,16,649,1,28000000
1636,0,0,1,3300000,7700000,12,775,1,21900000
1637,3,1,0,4500000,12500000,12,469,0,29300000
1638,0,1,1,3900000,12800000,18,587,1,27400000
1639,3,1,1,3200000,9900000,10,316,0,27000000
1640,2,1,0,3200000,10400000,10,556,1,29800000
1641,2,0,0,9600000,31200000,12,578,1,52100000
1642,2,0,1,8700000,18900000,2,554,1,35300000
1643,2,0,1,1900000,6800000,6,892,1,12100000
1644,2,0,1,2900000,10200000,10,315,0,16600000
1645,0,0,0,6200000,12900000,10,695,1,32000000
1646,0,0,0,5900000,20300000,4,806,1,25200000
1647,4,0,1,3200000,12800000,8,638,1,18700000
1648,1,0,1,1300000,5000000,4,610,1,9600000
1649,2,0,1,1300000,3200000,4,810,1,11000000
1650,1,1,0,8700000,33200000,4,866,1,69700000
1651,3,0,0,6300000,23800000,10,760,1,41200000
1652,3,1,0,4300000,11200000,6,556,1,34900000
1653,3,0,1,6400000,23500000,12,684,1,60200000
1654,5,0,1,7700000,25800000,18,578,1,50500000
1655,2,0,0,6900000,23900000,12,814,1,47500000
1656,0,0,0,4200000,14800000,20,510,0,29400000
1657,4,0,0,3900000,9000000,2,674,1,31500000
1658,0,1,1,2000000,4900000,14,570,1,12000000
1659,1,0,0,500000,1700000,2,680,1,3600000
1660,0,1,0,3500000,8800000,12,803,1,17500000
1661,2,0,1,3100000,10700000,16,357,0,22600000
1662,3,0,1,4900000,19000000,4,575,1,44300000
1663,1,0,0,1000000,3600000,4,546,1,5600000
1664,2,1,0,6700000,21400000,8,370,0,43700000
1665,1,1,0,4100000,9400000,6,713,1,15200000
1666,4,0,1,1600000,3800000,2,896,1,8400000
1667,3,1,1,2400000,9200000,14,626,1,14400000
1668,0,1,0,2200000,6400000,4,854,1,10300000
1669,4,1,0,3200000,8400000,18,802,1,14200000
1670,4,0,1,1600000,4400000,20,382,0,9100000
1671,2,0,0,3900000,14900000,6,415,0,20600000
1672,5,1,1,2000000,6300000,4,366,1,15700000
1673,1,1,1,7600000,25400000,10,595,1,44200000
1674,1,0,0,9800000,21300000,2,356,0,75600000
1675,5,0,0,7900000,29900000,6,568,1,44300000
1676,1,1,0,1600000,4000000,10,615,1,11800000
1677,1,1,1,6400000,13900000,12,313,0,48400000
1678,1,1,1,6400000,17900000,6,575,1,42600000
1679,4,1,0,1600000,5500000,10,577,1,7100000
1680,0,1,0,9200000,30700000,10,455,0,65000000
1681,1,0,0,7800000,24900000,6,500,0,46300000
1682,1,0,1,4000000,9400000,8,509,0,21400000
1683,2,0,1,6100000,19400000,8,379,0,34500000
1684,5,1,0,7100000,14500000,14,664,1,43100000
1685,0,0,1,2500000,9900000,6,623,1,15800000
1686,5,1,0,3200000,8700000,16,558,1,16000000
1687,4,1,0,1700000,4300000,18,580,1,12200000
1688,4,1,0,6300000,17600000,6,612,1,46000000
1689,4,1,1,700000,2400000,14,705,1,2800000
1690,4,1,1,1100000,2700000,18,301,0,9200000
1691,1,0,1,8900000,32000000,16,711,1,32800000
1692,3,1,0,300000,700000,20,735,1,2400000
1693,1,0,0,2200000,5200000,14,682,1,11100000
1694,3,0,0,3400000,13500000,10,348,0,24500000
1695,0,1,1,7900000,23500000,20,750,1,57300000
1696,3,0,1,5800000,18200000,16,835,1,29600000
1697,0,1,1,9400000,20000000,6,389,0,52700000
1698,2,1,0,4800000,18900000,4,866,1,36000000
1699,3,0,0,7600000,26600000,4,689,1,38800000
1700,0,0,0,5900000,17600000,16,645,1,48100000
1701,1,1,1,4300000,10100000,2,797,1,29900000
1702,5,1,0,6100000,17800000,6,849,1,37700000
1703,5,1,0,5400000,19700000,20,423,0,39500000
1704,1,0,1,5200000,11200000,2,370,0,43200000
1705,5,0,0,8500000,31300000,12,378,0,73700000
1706,4,0,0,900000,1900000,20,417,0,5500000
1707,1,0,0,1400000,4100000,20,530,0,7200000
1708,1,0,1,2400000,9300000,20,543,0,9900000
1709,4,1,0,6300000,15000000,18,750,1,30400000
1710,1,1,0,3100000,7600000,20,346,0,17800000
1711,4,1,1,6900000,19000000,14,330,0,43600000
1712,2,0,1,3000000,7400000,10,712,1,21500000
1713,0,0,0,3100000,10100000,14,376,0,24900000
1714,4,0,0,600000,1200000,14,338,0,3800000
1715,4,0,1,4700000,13700000,14,600,1,43200000
1716,1,1,0,2500000,6900000,20,495,0,17500000
1717,0,1,0,9700000,30400000,4,300,1,81000000
1718,4,0,1,7600000,20000000,18,691,1,48300000
1719,1,1,0,8400000,24700000,8,519,0,52900000
1720,3,1,1,3800000,15100000,20,540,0,23300000
1721,3,0,1,3100000,11400000,16,562,1,17500000
1722,2,0,0,5700000,21300000,10,323,0,34100000
1723,1,1,1,5500000,19700000,10,312,0,40400000
1724,1,0,1,200000,600000,2,511,1,1600000
1725,3,0,1,3700000,13800000,10,621,1,22000000
1726,2,0,1,1600000,4300000,20,512,0,12900000
1727,4,1,0,3900000,11000000,2,786,1,22300000
1728,3,0,1,700000,1600000,18,303,0,3700000
1729,3,1,1,5800000,16700000,18,633,1,34900000
1730,4,1,1,3800000,14000000,6,711,1,34400000
1731,2,1,0,6400000,16900000,16,472,0,37900000
1732,1,1,1,5500000,12100000,4,350,0,39600000
1733,1,0,1,6800000,13700000,10,879,1,31900000
1734,4,0,0,6700000,13400000,10,436,0,35500000
1735,1,1,1,5300000,11500000,14,848,1,25300000
1736,2,1,0,6600000,23200000,16,555,1,43000000
1737,2,1,0,6600000,13100000,20,885,1,42000000
1738,0,0,0,7600000,25200000,6,888,1,55600000
1739,4,0,1,2500000,6100000,20,478,0,19400000
1740,4,0,0,1100000,2500000,4,603,1,7700000
1741,1,0,0,2300000,8200000,8,784,1,10700000
1742,1,1,1,3300000,11700000,4,682,1,22900000
1743,4,1,1,2600000,5900000,6,471,0,16100000
1744,4,0,1,9300000,36700000,20,808,1,64800000
1745,4,0,0,5300000,18500000,8,470,0,32000000
1746,2,0,0,5400000,13800000,20,574,1,24700000
1747,4,0,1,3500000,12000000,8,314,0,23100000
1748,2,1,0,4200000,10200000,14,407,0,24900000
1749,0,0,1,9200000,34900000,4,702,1,66800000
1750,2,1,0,4300000,9800000,2,499,0,26600000
1751,1,1,1,7500000,19900000,10,669,1,36000000
1752,5,0,1,5400000,18800000,20,326,0,37800000
1753,3,0,0,5500000,16200000,18,778,1,36800000
1754,2,0,1,2100000,4500000,2,787,1,15700000
1755,0,1,0,3700000,12300000,16,831,1,23800000
1756,0,1,0,8800000,32900000,18,576,1,48200000
1757,5,0,0,5800000,22800000,12,600,1,43500000
1758,4,1,0,7900000,30600000,2,569,1,38500000
1759,1,0,1,3100000,6300000,20,867,1,18600000
1760,0,0,0,4100000,14500000,12,441,0,29800000
1761,2,0,1,9800000,32700000,2,304,1,56800000
1762,5,0,0,3300000,8400000,18,520,0,21800000
1763,0,1,0,2000000,6200000,14,613,1,8600000
1764,2,0,1,600000,1100000,8,885,1,2200000
1765,4,0,1,3600000,9500000,2,841,1,24900000
1766,2,0,0,7500000,29100000,20,815,1,56300000
1767,5,1,1,200000,400000,18,822,1,1400000
1768,4,0,0,9900000,29100000,18,772,1,82000000
1769,5,1,1,6100000,22500000,6,776,1,46100000
1770,4,0,1,3500000,10300000,10,337,0,29600000
1771,0,0,1,7800000,19000000,12,333,0,70500000
1772,3,0,1,8700000,29300000,4,312,1,46700000
1773,2,1,1,5500000,12400000,14,842,1,28300000
1774,3,1,1,1800000,5100000,8,790,1,5800000
1775,2,1,0,8000000,31900000,16,806,1,50300000
1776,5,0,1,7500000,17000000,8,300,0,41700000
1777,5,1,1,3700000,12000000,12,605,1,23000000
1778,2,1,1,1600000,4700000,12,582,1,9000000
1779,5,1,0,1300000,2700000,6,607,1,8600000
1780,5,1,1,2400000,8200000,10,709,1,17400000
1781,4,1,1,4100000,11600000,14,854,1,25800000
1782,2,0,1,7300000,15200000,20,776,1,54800000
1783,1,1,1,8000000,24600000,12,649,1,43400000
1784,3,0,0,7900000,28000000,4,394,1,58100000
1785,4,0,0,7200000,18900000,16,371,0,44500000
1786,3,0,0,6200000,13200000,14,707,1,53400000
1787,2,0,1,5700000,18100000,20,491,0,28500000
1788,0,1,1,5800000,14100000,16,570,1,32500000
1789,1,0,0,900000,3500000,18,395,0,7600000
1790,0,0,1,2200000,7500000,10,497,0,11900000
1791,3,0,1,1800000,5300000,14,440,0,6800000
1792,0,0,1,800000,2400000,16,825,1,4900000
1793,2,1,1,7600000,18100000,14,320,0,53900000
1794,2,1,1,4100000,13500000,4,846,1,30500000
1795,3,1,1,4600000,10900000,12,856,1,31300000
1796,3,1,0,2300000,6800000,10,418,0,13200000
1797,0,0,1,8000000,21100000,6,306,0,64800000
1798,2,0,1,3800000,14500000,16,567,1,18500000
1799,2,0,1,9500000,36800000,6,493,0,76200000
1800,2,1,0,9300000,21200000,2,509,0,47800000
1801,4,1,0,4700000,17000000,4,364,1,32500000
1802,5,0,0,6000000,24000000,20,639,1,29300000
1803,2,1,1,5500000,21700000,2,309,1,42000000
1804,0,0,1,4600000,14800000,6,433,0,34500000
1805,5,0,0,9900000,33600000,20,580,1,69900000
1806,1,1,1,6200000,16200000,4,888,1,40200000
1807,4,0,1,400000,1100000,6,644,1,3300000
1808,1,0,1,7800000,22200000,10,763,1,44500000
1809,0,1,1,2900000,10800000,20,694,1,19300000
1810,3,0,0,500000,1200000,6,757,1,3200000
1811,0,0,0,2500000,6900000,12,471,0,17800000
1812,5,0,0,9000000,35200000,2,437,1,64900000
1813,4,0,1,5200000,11400000,10,406,0,34100000
1814,5,0,0,6000000,19700000,20,376,0,48000000
1815,1,1,0,5100000,13800000,14,350,0,24600000
1816,5,0,1,8000000,22500000,20,784,1,51700000
1817,4,1,1,9200000,25400000,14,765,1,58500000
1818,4,0,0,9800000,32200000,18,593,1,58200000
1819,3,1,1,7600000,30000000,10,344,0,71400000
1820,1,1,0,5100000,11800000,12,314,0,39600000
1821,4,1,1,1500000,3300000,16,382,0,6900000
1822,2,0,1,6200000,16500000,4,510,0,43300000
1823,2,1,1,6300000,24600000,8,464,0,29800000
1824,1,1,1,5500000,14900000,2,403,0,40100000
1825,3,0,0,8100000,30400000,12,606,1,45500000
1826,1,1,0,6300000,22000000,20,646,1,36400000
1827,1,1,0,1100000,3600000,20,495,0,6300000
1828,3,0,1,7200000,21600000,2,626,1,42800000
1829,1,0,1,3000000,6000000,16,518,0,21000000
1830,5,1,0,2700000,7600000,8,746,1,13700000
1831,0,0,0,5000000,16300000,12,737,1,22200000
1832,0,0,0,8400000,22300000,14,371,0,43400000
1833,1,1,0,7700000,27300000,8,509,0,43300000
1834,1,1,0,4700000,14000000,2,411,0,24000000
1835,2,0,0,4300000,11800000,20,701,1,33700000
1836,5,0,0,2500000,8800000,10,769,1,16200000
1837,5,0,1,4400000,12500000,6,740,1,25800000
1838,5,0,0,5700000,11600000,4,892,1,43500000
1839,2,0,0,5300000,13100000,14,417,0,36100000
1840,5,1,0,4600000,14400000,6,785,1,33700000
1841,3,0,0,400000,1100000,16,504,0,1800000
1842,0,0,0,2100000,5900000,14,402,0,10200000
1843,2,1,1,1200000,3500000,16,540,0,9200000
1844,2,1,1,8000000,28400000,10,607,1,55800000
1845,1,1,1,5000000,19400000,10,410,0,34000000
1846,0,0,0,8500000,17200000,12,624,1,38600000
1847,4,1,0,4600000,16600000,16,805,1,27100000
1848,2,1,0,4600000,16100000,18,709,1,35300000
1849,2,0,1,8500000,30900000,14,511,0,55100000
1850,1,1,1,7800000,25100000,18,766,1,40900000
1851,3,0,1,1400000,3800000,16,451,0,10000000
1852,1,0,1,3700000,10200000,4,447,0,20000000
1853,3,0,1,1000000,2500000,18,763,1,5000000
1854,5,0,0,900000,3100000,20,834,1,5300000
1855,2,1,0,5600000,19500000,8,429,0,36600000
1856,4,0,0,3200000,10600000,16,693,1,24900000
1857,1,1,0,2900000,11100000,20,478,0,18600000
1858,2,1,1,300000,800000,10,752,1,2300000
1859,0,1,1,2400000,5900000,14,319,0,19000000
1860,3,1,0,5000000,17600000,8,303,0,35600000
1861,3,0,1,5000000,16700000,20,420,0,31700000
1862,2,0,1,200000,600000,8,552,1,1500000
1863,3,0,1,6000000,16000000,12,606,1,41300000
1864,2,0,0,5600000,13700000,2,558,1,35600000
1865,1,0,0,4500000,12400000,6,504,0,30500000
1866,5,0,1,200000,300000,8,412,0,600000
1867,4,0,1,6200000,18300000,4,900,1,42000000
1868,4,0,1,9800000,23800000,8,634,1,65800000
1869,5,1,1,3900000,9000000,8,340,0,25900000
1870,3,0,1,8300000,20900000,4,615,1,33200000
1871,2,1,1,4900000,12200000,18,353,0,25200000
1872,4,1,1,6900000,16300000,8,606,1,34000000
1873,2,0,0,4500000,14500000,18,498,0,26400000
1874,4,0,0,7500000,21900000,2,585,1,54600000
1875,1,0,1,2300000,6400000,8,578,1,15400000
1876,1,1,0,7400000,15500000,2,693,1,46900000
1877,4,1,0,4800000,14300000,6,795,1,19600000
1878,1,1,0,2600000,9900000,6,594,1,16400000
1879,3,0,1,2700000,10600000,8,840,1,14400000
1880,3,0,0,3700000,10900000,16,301,0,23100000
1881,4,1,1,2600000,9400000,18,481,0,18100000
1882,5,0,1,8800000,23100000,16,531,0,53500000
1883,2,0,0,7500000,15400000,8,332,0,40500000
1884,0,1,0,4700000,18500000,4,516,1,25900000
1885,2,0,0,7100000,26600000,6,727,1,55300000
1886,3,0,1,5500000,19300000,10,344,0,34700000
1887,2,1,0,9500000,31500000,12,650,1,67800000
1888,3,1,1,4200000,15400000,8,362,0,36300000
1889,5,1,1,6900000,18600000,18,307,0,37800000
1890,5,1,0,9900000,24600000,2,530,0,70400000
1891,5,1,0,6700000,17700000,6,482,0,37800000
1892,0,0,1,9300000,22200000,14,701,1,52300000
1893,2,1,0,5600000,17200000,16,586,1,34400000
1894,0,1,1,8100000,17600000,16,384,0,70400000
1895,4,0,0,6000000,18000000,18,882,1,28900000
1896,5,0,1,4200000,11200000,2,758,1,25200000
1897,5,1,0,1600000,4000000,18,529,0,8800000
1898,3,1,1,800000,1500000,2,589,1,4800000
1899,1,1,0,500000,1300000,6,670,1,3600000
1900,5,0,1,4300000,14100000,12,532,0,34900000
1901,0,0,0,4000000,12500000,18,868,1,28500000
1902,2,0,0,2900000,7300000,2,776,1,23200000
1903,5,1,1,2300000,9100000,16,644,1,16300000
1904,0,1,1,1800000,6000000,12,658,1,12100000
1905,1,1,1,8700000,33900000,10,766,1,45500000
1906,3,0,0,7800000,21100000,12,717,1,38000000
1907,2,1,0,3200000,6300000,10,339,0,15200000
1908,0,0,0,1600000,4500000,18,463,0,8000000
1909,4,0,0,2400000,7300000,4,540,1,12800000
1910,1,1,0,1800000,5900000,16,804,1,9300000
1911,1,1,0,7500000,16000000,10,541,0,48300000
1912,4,0,1,6700000,18400000,10,371,0,23400000
1913,5,1,0,5800000,13700000,6,369,0,28300000
1914,0,0,0,500000,1800000,2,651,1,2600000
1915,0,1,1,9400000,30700000,10,477,0,52000000
1916,4,0,0,1600000,6200000,18,554,1,10600000
1917,0,1,1,9300000,25000000,14,362,0,74300000
1918,5,1,0,3700000,14000000,2,469,1,15200000
1919,3,0,0,900000,1900000,12,547,0,6200000
1920,4,0,0,500000,1300000,6,809,1,1900000
1921,1,1,1,7800000,16200000,2,335,0,47900000
1922,5,0,1,5300000,13700000,18,708,1,33600000
1923,0,1,0,300000,700000,16,779,1,1600000
1924,0,1,1,5000000,19900000,6,748,1,31100000
1925,0,1,0,7900000,28600000,18,541,0,33300000
1926,4,1,0,5300000,15800000,2,527,0,32600000
1927,0,0,1,5500000,15300000,4,859,1,38400000
1928,0,1,0,1500000,5600000,18,604,1,10600000
1929,5,1,0,6600000,20100000,18,348,0,39100000
1930,4,1,1,6200000,16200000,20,734,1,31800000
1931,3,1,0,6300000,17000000,16,388,0,33100000
1932,0,1,1,3800000,8100000,20,831,1,17900000
1933,5,0,0,500000,1500000,6,433,0,3200000
1934,2,1,1,5000000,15900000,16,699,1,40000000
1935,0,0,0,4500000,17100000,8,303,0,37200000
1936,4,0,0,1000000,3800000,2,611,1,6600000
1937,2,1,0,1700000,3700000,20,558,1,13000000
1938,4,1,1,1200000,4800000,2,752,1,7300000
1939,5,0,1,8500000,25800000,14,786,1,68600000
1940,0,1,0,8600000,29000000,18,481,0,56900000
1941,2,1,0,400000,1300000,16,507,0,2200000
1942,4,1,0,8700000,19800000,14,715,1,67400000
1943,0,0,0,1800000,5700000,20,392,0,11100000
1944,0,1,1,4700000,17700000,16,887,1,26100000
1945,0,0,0,7300000,21600000,2,479,0,53600000
1946,2,1,0,8400000,32100000,20,328,0,48400000
1947,2,1,1,4800000,12900000,8,740,1,24900000
1948,2,1,0,9200000,34200000,2,456,1,55000000
1949,1,0,0,6200000,21100000,10,467,0,54900000
1950,0,1,1,200000,700000,10,587,0,600000
1951,0,0,1,2500000,6700000,16,569,1,15400000
1952,3,0,1,8000000,24400000,14,399,0,56700000
1953,1,0,0,4600000,15200000,4,593,1,33200000
1954,3,0,1,4900000,12700000,8,409,0,28500000
1955,4,0,0,9500000,21300000,18,353,0,57700000
1956,5,1,1,4500000,11600000,20,306,0,24300000
1957,2,1,1,5900000,14200000,12,499,0,45400000
1958,4,1,0,4200000,14600000,6,324,0,26900000
1959,2,0,1,3300000,11300000,6,647,1,28300000
1960,2,1,1,4900000,12600000,2,767,1,25300000
1961,4,0,0,5300000,10700000,12,821,1,45800000
1962,4,0,0,7200000,17700000,6,338,0,54200000
1963,0,1,0,8400000,24300000,4,785,1,57100000
1964,3,1,0,3800000,11800000,4,694,1,13900000
1965,0,0,0,9900000,22300000,20,613,1,65800000
1966,4,1,1,2900000,8300000,10,318,0,25800000
1967,3,0,1,6000000,18700000,18,783,1,40400000
1968,2,0,0,1700000,5300000,20,761,1,7900000
1969,4,1,1,5300000,12000000,10,329,0,48000000
1970,5,0,1,7500000,15000000,14,661,1,52200000
1971,4,0,0,400000,900000,18,339,0,1900000
1972,1,1,1,8300000,17700000,10,673,1,61900000
1973,3,1,0,4500000,16900000,18,748,1,37400000
1974,3,1,0,4600000,10000000,4,702,1,28900000
1975,4,0,0,4700000,10300000,12,710,1,38700000
1976,0,1,1,900000,3500000,6,331,0,8400000
1977,1,0,0,2400000,7600000,12,372,0,18100000
1978,0,0,1,3900000,9600000,10,783,1,26800000
1979,0,1,0,8300000,31400000,18,558,1,48400000
1980,4,1,1,4700000,13000000,6,552,1,28200000
1981,4,0,0,3900000,10600000,20,544,0,23000000
1982,2,0,0,400000,1000000,6,425,0,2100000
1983,2,0,1,1700000,5100000,18,321,0,11400000
1984,2,1,1,6100000,15500000,8,758,1,33400000
1985,5,1,1,7300000,19600000,10,373,0,45200000
1986,3,0,1,300000,500000,6,876,1,1800000
1987,2,0,0,4300000,14500000,10,594,1,31400000
1988,3,0,0,7000000,18400000,18,837,1,31800000
1989,0,0,1,4900000,16500000,4,600,1,31800000
1990,4,1,0,6200000,12400000,20,547,0,50200000
1991,1,0,0,4100000,15800000,12,431,0,37900000
1992,0,0,1,7300000,22600000,12,851,1,36800000
1993,4,0,1,9200000,28100000,12,760,1,68100000
1994,0,0,0,800000,2400000,2,716,1,5400000
1995,4,0,0,2900000,11200000,10,744,1,19500000
1996,3,0,0,8100000,21600000,4,740,1,52900000
1997,0,1,0,9300000,20300000,14,759,1,76000000
1998,4,1,1,9200000,29400000,14,517,0,48500000
1999,3,0,1,3100000,6300000,18,895,1,20400000
2000,3,0,1,7000000,15400000,20,315,0,49800000
2001,4,0,0,3900000,8800000,14,527,0,27500000
2002,3,1,0,5500000,19800000,14,853,1,28900000
2003,0,1,0,6600000,13700000,20,747,1,35900000
2004,2,0,0,9900000,31600000,16,892,1,65800000
2005,4,1,1,6600000,20500000,8,856,1,48700000
2006,3,1,0,8600000,23600000,4,324,0,50400000
2007,5,1,0,7900000,28600000,12,812,1,68200000
2008,5,1,1,6800000,22600000,2,804,1,44100000
2009,4,1,0,700000,1800000,8,874,1,4200000
2010,2,0,1,3800000,10000000,12,516,0,25900000
2011,5,1,1,6900000,18300000,4,402,0,55000000
2012,1,1,1,3700000,12400000,12,330,0,17600000
2013,1,1,0,7900000,24000000,12,867,1,70600000
2014,4,1,1,8800000,34200000,16,844,1,61100000
2015,5,0,1,3300000,7800000,8,310,0,19400000
2016,4,0,0,5800000,14200000,20,535,0,38700000
2017,1,1,1,7400000,29500000,16,323,0,51900000
2018,1,1,0,8200000,25600000,4,686,1,29600000
2019,0,0,1,3300000,9600000,8,465,0,18500000
2020,4,1,1,5300000,10700000,12,547,0,28500000
2021,1,0,0,5700000,19100000,12,649,1,40500000
2022,2,0,0,9000000,31000000,14,670,1,70700000
2023,3,1,0,5900000,14400000,10,408,0,34200000
2024,2,0,0,5400000,11900000,6,303,0,46500000
2025,0,1,0,9800000,34800000,14,497,0,38600000
2026,4,1,1,9800000,34100000,14,740,1,55600000
2027,4,0,1,3800000,8200000,4,309,0,28300000
2028,0,0,0,9500000,24400000,14,769,1,61800000
2029,3,1,1,2500000,7100000,6,420,0,18800000
2030,1,1,0,1900000,6000000,20,540,0,8100000
2031,5,1,1,4400000,10600000,20,806,1,26600000
2032,4,1,1,1400000,2900000,6,723,1,10100000
2033,5,0,1,3200000,11800000,16,565,1,21800000
2034,1,1,1,3100000,9200000,16,374,0,16500000
2035,4,1,0,4500000,9900000,10,509,0,29100000
2036,3,0,1,9300000,23500000,16,728,1,50500000
2037,2,1,0,6900000,18200000,20,396,0,48200000
2038,0,0,1,3900000,8600000,2,667,1,26400000
2039,5,0,0,3200000,7400000,12,583,1,29100000
2040,1,0,1,5600000,21100000,10,459,0,33100000
2041,4,0,1,3700000,11900000,18,635,1,28400000
2042,3,0,0,8400000,27200000,12,604,1,58600000
2043,0,0,1,4200000,8900000,14,796,1,22700000
2044,4,1,0,3800000,8500000,10,416,0,30000000
2045,3,1,0,3200000,8200000,8,311,0,22800000
2046,1,1,0,9700000,33900000,10,833,1,75700000
2047,1,0,1,4300000,9400000,6,543,0,31600000
2048,5,1,1,8100000,20300000,18,751,1,48600000
2049,5,0,1,9400000,23200000,14,885,1,57700000
2050,4,0,1,8100000,19400000,6,346,0,50900000
2051,4,1,0,6500000,14500000,4,588,1,49000000
2052,2,1,0,9400000,23100000,4,488,0,63100000
2053,1,0,1,2600000,6600000,20,765,1,8800000
2054,3,0,1,8000000,25600000,6,337,0,38000000
2055,1,1,0,4700000,9300000,8,515,0,26000000
2056,2,1,1,7600000,22300000,12,555,1,40700000
2057,1,1,1,6800000,27200000,2,702,1,40400000
2058,2,0,1,6600000,17000000,2,457,0,31900000
2059,2,1,0,8200000,27200000,10,425,0,50100000
2060,1,1,1,4400000,12300000,6,583,1,34100000
2061,1,0,0,8300000,29200000,6,877,1,64600000
2062,0,1,0,9200000,36500000,14,522,0,51400000
2063,5,0,1,2700000,8700000,20,687,1,14100000
2064,0,1,0,6100000,23600000,20,856,1,32600000
2065,4,0,1,9100000,33000000,8,543,0,60800000
2066,5,0,1,7600000,15400000,14,576,1,34300000
2067,2,0,0,7200000,17000000,10,856,1,52600000
2068,0,1,1,2600000,8200000,8,722,1,18000000
2069,4,1,1,6500000,20200000,12,653,1,50200000
2070,5,1,0,8900000,35500000,16,480,0,58600000
2071,2,1,1,5400000,14300000,14,477,0,27500000
2072,0,1,0,300000,500000,2,885,1,1500000
2073,0,0,0,8400000,19600000,18,530,0,57100000
2074,3,1,0,8300000,17200000,8,870,1,41800000
2075,4,0,0,1700000,5600000,8,395,0,9400000
2076,2,0,0,1500000,4200000,16,771,1,10100000
2077,1,0,1,200000,500000,2,579,1,1200000
2078,1,1,1,1000000,3700000,14,798,1,7400000
2079,3,0,1,8800000,25100000,8,473,0,54600000
2080,0,1,1,1000000,3200000,8,304,0,5500000
2081,0,0,1,8600000,23000000,14,678,1,70100000
2082,5,1,1,2400000,8900000,2,745,1,15000000
2083,1,1,0,2400000,8900000,8,835,1,10200000
2084,5,0,1,6000000,12100000,20,848,1,40300000
2085,5,0,0,7600000,16300000,18,872,1,32700000
2086,3,0,0,8000000,20100000,10,608,1,56600000
2087,0,1,1,5400000,19500000,16,758,1,29600000
2088,0,0,1,1400000,3700000,4,841,1,9600000
2089,0,0,1,800000,2600000,2,618,1,4000000
2090,4,1,1,300000,1100000,4,457,1,2300000
2091,0,1,0,4100000,14400000,4,844,1,22800000
2092,2,0,0,1500000,3800000,4,776,1,9500000
2093,1,0,0,4600000,13900000,8,520,0,31700000
2094,1,1,1,3300000,7500000,12,648,1,18400000
2095,4,0,1,7900000,31400000,10,654,1,62100000
2096,0,0,0,8100000,26500000,20,342,0,40900000
2097,5,0,0,900000,2800000,16,808,1,6900000
2098,1,1,1,4900000,15200000,10,429,0,30700000
2099,3,1,1,6100000,18100000,14,538,0,39700000
2100,3,0,0,4500000,16400000,6,533,0,23500000
2101,2,1,1,2900000,7300000,8,394,0,22000000
2102,1,0,0,7900000,29300000,2,771,1,54800000
2103,5,1,1,4100000,10100000,4,792,1,24000000
2104,5,0,1,7700000,15500000,8,407,0,46500000
2105,0,0,0,5600000,19300000,18,544,0,35500000
2106,5,1,0,9000000,18000000,18,509,0,55900000
2107,4,0,1,6400000,18400000,16,320,0,43500000
2108,4,1,0,6900000,14700000,2,496,0,38500000
2109,3,0,0,9100000,27400000,18,652,1,54300000
2110,2,1,1,1100000,3700000,2,806,1,6900000
2111,4,0,0,1700000,4500000,12,821,1,11500000
2112,5,1,1,9200000,28800000,20,618,1,69600000
2113,2,0,1,8300000,20600000,12,729,1,71200000
2114,5,0,1,5000000,10600000,6,839,1,44500000
2115,3,1,0,2200000,6400000,2,318,0,9300000
2116,2,1,0,4500000,9600000,16,404,0,27500000
2117,5,0,1,4100000,9000000,6,581,1,22800000
2118,1,0,0,2800000,6800000,18,596,1,17100000
2119,1,0,0,6600000,20700000,4,415,1,46300000
2120,3,0,1,3200000,7200000,6,728,1,19400000
2121,0,0,0,6300000,13300000,2,666,1,31900000
2122,2,1,0,4700000,17700000,14,675,1,32600000
2123,0,1,0,4100000,15400000,16,304,0,27500000
2124,5,1,1,7100000,15500000,4,474,0,48400000
2125,4,1,1,4900000,10200000,18,370,0,33400000
2126,4,1,0,5600000,20300000,20,596,1,36600000
2127,4,1,0,3400000,8300000,2,567,1,20500000
2128,3,0,0,4500000,16100000,16,671,1,32300000
2129,2,1,0,300000,800000,18,819,1,1900000
2130,5,0,1,7600000,23000000,10,829,1,35300000
2131,5,1,0,500000,1200000,12,454,0,3200000
2132,0,1,1,5900000,15200000,16,399,0,37100000
2133,0,1,0,7100000,20700000,10,784,1,57400000
2134,2,0,1,8500000,26900000,6,538,0,63800000
2135,0,1,1,6400000,16900000,16,759,1,41600000
2136,2,1,0,7100000,21400000,12,699,1,52200000
2137,5,0,0,1800000,5400000,14,347,0,11700000
2138,3,0,1,6600000,25200000,20,598,1,46000000
2139,4,1,1,8800000,27100000,2,406,1,54400000
2140,2,0,0,4800000,15800000,20,860,1,23500000
2141,5,1,1,4400000,16500000,10,806,1,21900000
2142,0,0,0,2000000,6900000,2,448,1,15200000
2143,2,1,0,6800000,22600000,20,393,0,32800000
2144,5,0,1,6600000,16000000,12,811,1,37800000
2145,2,1,0,3300000,7900000,20,829,1,22700000
2146,3,0,0,7400000,23400000,16,700,1,51900000
2147,0,0,1,4500000,12400000,18,719,1,22800000
2148,1,0,1,9500000,30500000,12,430,0,54700000
2149,1,1,0,800000,3000000,4,338,1,4900000
2150,2,1,0,4000000,13000000,4,695,1,33000000
2151,2,0,0,7000000,25700000,18,374,0,36500000
2152,3,1,0,3500000,8500000,18,609,1,22500000
2153,3,1,1,9700000,36000000,6,631,1,45000000
2154,0,0,0,3400000,10800000,6,439,0,20200000
2155,1,1,1,4600000,13500000,20,837,1,27700000
2156,4,1,0,3800000,10400000,10,833,1,28300000
2157,4,0,1,4200000,9600000,20,863,1,20800000
2158,2,1,0,2500000,8700000,4,684,1,12900000
2159,0,0,1,7000000,24600000,6,542,0,38200000
2160,1,0,0,5300000,11500000,8,753,1,31600000
2161,0,0,0,6400000,14200000,2,512,0,37400000
2162,3,0,0,3400000,8100000,12,385,0,24800000
2163,4,0,0,6700000,18800000,2,749,1,52000000
2164,1,0,1,4600000,10100000,4,618,1,19500000
2165,4,1,1,900000,2500000,4,583,1,5000000
2166,0,1,0,5100000,19900000,18,655,1,28600000
2167,0,0,1,7000000,20900000,20,380,0,49900000
2168,3,1,1,4100000,14700000,6,679,1,26400000
2169,2,1,0,4600000,14800000,6,410,0,41600000
2170,2,1,1,3600000,11500000,8,590,1,20700000
2171,5,1,0,5900000,13800000,14,397,0,36400000
2172,2,1,0,600000,2100000,16,425,0,4000000
2173,0,1,0,4900000,16400000,2,383,1,27600000
2174,5,1,1,6400000,23900000,6,406,0,56800000
2175,2,1,0,7000000,19800000,10,563,1,44100000
2176,3,1,1,6700000,13400000,14,782,1,44300000
2177,1,0,1,800000,2200000,4,852,1,4300000
2178,5,0,0,7600000,27800000,2,753,1,55500000
2179,5,1,1,3200000,7600000,4,489,0,20400000
2180,2,0,1,4900000,13800000,2,586,1,28200000
2181,3,0,0,7200000,20800000,16,560,1,37500000
2182,3,1,0,5600000,20600000,6,487,0,40400000
2183,4,1,1,7300000,18300000,8,434,0,46400000
2184,4,0,0,3300000,7000000,20,504,0,21200000
2185,2,1,1,9200000,25300000,4,827,1,72100000
2186,3,0,1,8100000,23300000,20,657,1,52900000
2187,5,1,0,6600000,21400000,10,447,0,50400000
2188,0,1,1,4200000,13600000,4,834,1,27200000
2189,2,1,0,5800000,21700000,8,354,0,33800000
2190,2,1,1,5600000,21000000,18,883,1,38300000
2191,0,0,1,3600000,9900000,12,641,1,24500000
2192,1,1,1,7700000,16900000,6,621,1,68100000
2193,0,1,1,7800000,23300000,10,587,1,59000000
2194,3,0,0,5700000,15400000,16,424,0,29700000
2195,5,1,0,6300000,20500000,14,515,0,35300000
2196,5,0,1,2300000,4700000,18,592,1,14500000
2197,4,1,1,9600000,19900000,6,319,0,54400000
2198,1,0,1,1000000,3900000,16,360,0,5500000
2199,5,1,1,7200000,27100000,12,535,0,54100000
2200,2,0,1,3800000,11400000,16,666,1,23200000
2201,4,0,1,9300000,24600000,16,419,0,49900000
2202,2,0,1,7200000,21900000,12,640,1,29800000
2203,0,1,0,7600000,19700000,12,545,0,46300000
2204,4,1,0,4500000,15300000,10,843,1,33100000
2205,1,0,1,9900000,30900000,20,559,1,68900000
2206,0,0,1,700000,2000000,18,650,1,5000000
2207,0,1,0,3500000,12300000,16,479,0,28300000
2208,1,1,1,300000,1000000,14,324,0,1400000
2209,5,0,1,5400000,16700000,2,354,1,30100000
2210,4,0,1,2800000,8400000,10,521,0,15500000
2211,5,0,1,4900000,15900000,8,505,0,38300000
2212,4,0,0,600000,1700000,12,436,0,2800000
2213,0,1,0,3000000,8100000,6,683,1,21500000
2214,0,1,0,1800000,5800000,18,348,0,11300000
2215,4,1,1,5100000,15700000,6,867,1,42300000
2216,5,1,0,1400000,4100000,14,880,1,10400000
2217,2,1,1,6700000,25500000,10,673,1,49800000
2218,3,0,0,4300000,12600000,18,482,0,29500000
2219,3,1,1,7800000,19600000,4,767,1,56800000
2220,3,0,0,5400000,15800000,18,760,1,38600000
2221,0,0,0,500000,1900000,2,857,1,3700000
2222,1,1,0,8600000,26700000,10,735,1,52800000
2223,3,1,0,2500000,9300000,4,810,1,19100000
2224,4,0,0,3000000,7200000,2,680,1,15600000
2225,5,0,1,7000000,26900000,4,889,1,35400000
2226,1,0,1,400000,1500000,16,688,1,2100000
2227,5,0,0,5200000,13700000,16,531,0,31900000
2228,3,1,0,3300000,11100000,2,660,1,27000000
2229,1,0,1,2400000,8800000,18,414,0,15400000
2230,4,1,1,5800000,15800000,14,528,0,36500000
2231,4,0,1,9400000,20000000,12,817,1,47600000
2232,2,0,0,6100000,15300000,2,799,1,35700000
2233,1,1,1,7500000,21400000,20,655,1,59500000
2234,2,0,0,4100000,16200000,6,546,0,25400000
2235,3,0,0,8500000,30800000,14,745,1,45800000
2236,0,1,0,4300000,16900000,8,884,1,27600000
2237,5,0,0,9300000,22000000,4,822,1,67200000
2238,4,0,0,6000000,18700000,2,623,1,33100000
2239,1,0,1,5300000,18900000,16,361,0,22700000
2240,5,0,1,7400000,16200000,2,778,1,48300000
2241,1,0,1,1100000,3800000,8,779,1,8000000
2242,1,1,1,6600000,20700000,4,594,1,40300000
2243,3,1,0,8200000,28300000,2,530,1,57800000
2244,3,0,0,3300000,9300000,12,324,0,17400000
2245,4,1,1,2500000,9000000,10,394,0,19000000
2246,3,1,1,3300000,10400000,12,816,1,30100000
2247,5,0,0,1000000,2300000,16,423,0,6700000
2248,5,1,1,6200000,12800000,2,539,0,42500000
2249,1,1,0,7000000,21000000,20,554,1,43700000
2250,2,1,1,7000000,19000000,6,523,0,49900000
2251,1,0,1,5300000,12000000,10,852,1,34700000
2252,0,0,1,1800000,3700000,2,505,0,12200000
2253,0,1,1,2300000,7900000,10,430,0,19400000
2254,2,1,0,4000000,9200000,16,784,1,21700000
2255,1,0,0,8900000,24000000,6,380,0,59100000
2256,3,1,0,8000000,18600000,20,565,1,42100000
2257,4,1,1,7900000,26900000,14,446,0,49900000
2258,5,1,1,6700000,20200000,8,406,0,34200000
2259,4,0,0,2400000,6000000,6,712,1,16200000
2260,4,0,0,8600000,22600000,14,729,1,48900000
2261,1,0,1,5300000,14600000,20,508,0,35600000
2262,0,1,0,7400000,24900000,20,648,1,44500000
2263,0,0,1,8700000,18700000,10,346,0,41900000
2264,5,1,0,8200000,18500000,4,394,0,53800000
2265,0,0,1,3700000,9700000,12,501,0,23000000
2266,5,0,1,9200000,36300000,2,655,1,45100000
2267,4,0,0,6100000,20900000,4,662,1,44600000
2268,2,1,1,8800000,30800000,20,820,1,44100000
2269,5,0,0,9200000,18900000,10,521,0,53100000
2270,3,1,0,7200000,27900000,12,473,0,66400000
2271,1,1,0,600000,1200000,10,561,1,3200000
2272,5,1,0,8000000,23100000,20,461,0,44800000
2273,4,1,1,6900000,13800000,16,715,1,37300000
2274,0,0,1,4300000,15600000,18,440,0,22200000
2275,3,0,1,8500000,24900000,18,749,1,52600000
2276,4,0,0,8600000,17400000,2,787,1,51300000
2277,3,1,0,6300000,13900000,18,748,1,56800000
2278,3,0,1,5800000,13600000,12,321,0,30700000
2279,3,1,1,1000000,2300000,10,303,0,4900000
2280,0,0,1,1700000,5400000,8,682,1,9400000
2281,2,0,0,3200000,8600000,18,638,1,18000000
2282,0,1,1,7500000,16600000,14,440,0,66100000
2283,1,0,1,2000000,6600000,10,873,1,10300000
2284,3,0,0,9100000,19700000,20,437,0,56600000
2285,4,1,1,8400000,19700000,8,796,1,55000000
2286,4,1,0,7100000,27200000,16,824,1,36700000
2287,2,0,0,200000,800000,6,338,0,600000
2288,0,0,1,5000000,14900000,12,575,1,33200000
2289,0,0,1,4500000,16900000,8,773,1,33100000
2290,2,0,1,5100000,19700000,2,733,1,23600000
2291,3,1,1,4100000,10600000,14,475,0,28100000
2292,1,0,0,7200000,15000000,10,677,1,43100000
2293,3,0,0,7800000,17700000,6,403,0,51000000
2294,3,1,1,7500000,25300000,12,767,1,53000000
2295,3,1,1,6400000,21000000,2,813,1,39700000
2296,4,1,0,7000000,25700000,20,597,1,71000000
2297,4,0,1,9000000,31100000,8,896,1,48000000
2298,2,0,1,4400000,13900000,6,810,1,37600000
2299,2,0,0,900000,2000000,14,337,0,4400000
2300,1,1,0,9800000,26900000,18,792,1,67100000
2301,4,0,0,600000,1600000,6,784,1,2800000
2302,5,1,1,9700000,30100000,12,434,0,65400000
2303,2,1,1,8400000,32600000,10,384,0,44100000
2304,1,1,0,8300000,24900000,10,642,1,54300000
2305,4,1,0,7900000,29900000,8,314,0,60700000
2306,1,0,0,8600000,25900000,2,606,1,63500000
2307,5,0,1,6700000,17600000,14,843,1,38000000
2308,0,1,0,2700000,7400000,10,778,1,16000000
2309,0,0,0,6600000,25600000,8,718,1,55500000
2310,1,1,1,7100000,20800000,20,437,0,50400000
2311,5,1,1,300000,700000,10,586,1,1500000
2312,2,1,0,2200000,7000000,6,777,1,14200000
2313,1,1,1,8700000,31700000,12,525,0,54400000
2314,4,1,0,7200000,23100000,12,632,1,36900000
2315,0,0,0,2000000,4800000,20,337,0,10700000
2316,4,1,1,8600000,27900000,8,458,0,69900000
2317,2,1,1,2300000,5400000,8,364,0,14000000
2318,2,0,1,9600000,29800000,16,499,0,74000000
2319,2,1,1,1900000,6500000,16,887,1,9400000
2320,1,1,0,2100000,6300000,16,882,1,16700000
2321,1,0,1,3900000,8700000,8,817,1,16200000
2322,5,0,1,200000,300000,10,704,1,1600000
2323,1,0,1,1900000,4500000,12,742,1,8800000
2324,0,0,1,3200000,11600000,4,393,1,16100000
2325,0,0,0,1100000,4300000,18,828,1,5300000
2326,5,1,1,8000000,21500000,12,779,1,57900000
2327,4,1,1,6100000,21700000,6,860,1,34500000
2328,5,1,0,3200000,10600000,2,432,1,25100000
2329,4,1,1,9000000,30400000,20,532,0,72000000
2330,0,0,1,1200000,3200000,2,678,1,6800000
2331,3,1,0,7900000,27000000,6,601,1,64600000
2332,3,1,1,7700000,23100000,8,807,1,40100000
2333,2,0,0,4400000,16500000,16,879,1,31000000
2334,1,0,0,3100000,11200000,18,665,1,21900000
2335,5,0,1,2600000,9300000,16,697,1,17700000
2336,4,1,0,5500000,21700000,14,867,1,32000000
2337,1,1,0,5700000,15500000,8,544,0,47100000
2338,5,1,0,6100000,20700000,20,482,0,34200000
2339,2,1,0,8200000,22500000,18,857,1,64500000
2340,1,1,0,6000000,21200000,12,549,0,49200000
2341,1,1,1,8000000,30600000,10,720,1,66800000
2342,4,0,0,2000000,4800000,8,302,0,8900000
2343,5,1,1,1300000,2900000,12,669,1,7800000
2344,1,1,0,7000000,27100000,6,591,1,45300000
2345,3,1,0,4100000,15300000,6,440,0,22800000
2346,3,1,0,8000000,26200000,16,890,1,49100000
2347,4,0,0,8100000,28000000,8,663,1,51600000
2348,4,1,1,9500000,22600000,14,433,0,47400000
2349,0,1,0,9200000,22500000,10,317,0,70800000
2350,2,1,0,3900000,14700000,16,360,0,14000000
2351,1,1,0,9100000,26200000,8,727,1,64600000
2352,3,1,1,3000000,8300000,4,685,1,23400000
2353,4,1,0,2000000,4300000,8,373,0,14600000
2354,5,1,0,6300000,14600000,8,469,0,51700000
2355,3,0,1,4100000,10900000,8,548,0,31500000
2356,0,0,0,9800000,29400000,20,618,1,57900000
2357,2,1,0,5200000,15400000,8,658,1,24700000
2358,3,1,0,7600000,28700000,18,781,1,71300000
2359,3,0,0,9200000,35500000,2,715,1,54400000
2360,5,0,0,2200000,8100000,4,409,0,7600000
2361,2,0,1,8300000,20600000,10,504,0,40900000
2362,3,1,1,6100000,21600000,16,428,0,31300000
2363,2,1,0,4500000,16600000,20,704,1,29900000
2364,3,0,0,6600000,18800000,12,834,1,46600000
2365,4,0,0,8900000,34900000,14,694,1,47900000
2366,4,1,1,3900000,13300000,20,453,0,27300000
2367,3,1,1,8900000,35400000,14,404,0,62300000
2368,5,0,0,6400000,22300000,12,776,1,39500000
2369,1,0,1,9500000,28700000,16,526,0,67900000
2370,3,1,1,300000,1000000,8,641,1,2200000
2371,5,0,0,4100000,12300000,6,582,1,34600000
2372,2,1,0,8100000,20800000,18,778,1,46900000
2373,4,1,0,9900000,28400000,10,763,1,78000000
2374,0,0,0,4800000,19000000,12,650,1,28400000
2375,0,1,1,2900000,9700000,2,820,1,21300000
2376,1,0,1,3500000,13500000,12,824,1,28000000
2377,1,0,1,4900000,12600000,4,718,1,34700000
2378,2,0,1,5100000,13300000,14,313,0,35700000
2379,5,1,0,7300000,26200000,10,751,1,50700000
2380,0,1,1,200000,300000,18,520,0,1100000
2381,2,1,0,1400000,4700000,4,355,1,8500000
2382,3,1,1,8700000,33600000,14,314,0,45600000
2383,1,0,1,2800000,5900000,20,728,1,15900000
2384,3,1,1,9100000,30100000,14,564,1,64800000
2385,0,0,1,6800000,15300000,14,699,1,44700000
2386,0,0,1,5000000,17000000,6,624,1,34200000
2387,0,1,1,4400000,16800000,14,795,1,33400000
2388,5,0,1,8400000,18600000,20,703,1,47900000
2389,4,1,0,7800000,17300000,4,394,0,48200000
2390,4,1,1,4800000,9900000,14,779,1,36000000
2391,1,1,0,3200000,8800000,4,405,0,17700000
2392,5,1,1,2300000,6700000,16,612,1,20800000
2393,5,0,1,9200000,28100000,10,448,0,69500000
2394,2,0,1,4700000,13700000,6,506,0,29400000
2395,0,0,1,8000000,30400000,2,776,1,54900000
2396,1,1,1,2600000,8600000,6,730,1,12800000
2397,3,0,0,200000,800000,20,730,1,1000000
2398,5,1,0,7300000,17200000,2,345,0,42600000
2399,4,0,0,3300000,11800000,2,847,1,25300000
2400,4,0,0,8300000,23300000,20,398,0,57000000
2401,5,0,1,4100000,9600000,2,307,0,28200000
2402,1,0,0,7300000,23700000,16,852,1,47300000
2403,1,0,0,9300000,27500000,6,364,0,62100000
2404,2,1,1,4300000,15200000,12,552,1,23000000
2405,3,0,0,2600000,8100000,2,421,1,16000000
2406,5,1,0,2900000,9800000,12,588,1,17900000
2407,2,1,1,900000,3500000,6,763,1,5200000
2408,3,0,1,4900000,17500000,20,823,1,40400000
2409,0,1,0,7700000,24800000,10,642,1,59400000
2410,1,1,0,4700000,16800000,12,647,1,32700000
2411,5,0,0,3000000,8900000,20,886,1,17000000
2412,4,0,0,9700000,26200000,4,518,0,62700000
2413,0,1,1,6900000,26800000,20,515,0,38300000
2414,2,0,1,3800000,12400000,8,340,0,16700000
2415,3,0,1,600000,1700000,14,521,0,3300000
2416,2,0,1,1200000,2900000,12,330,0,6400000
2417,4,0,1,7800000,26800000,2,474,1,44100000
2418,0,0,0,9000000,35100000,6,898,1,46500000
2419,1,0,0,2800000,9100000,12,436,0,15500000
2420,1,0,0,7800000,21300000,10,326,0,56500000
2421,4,1,1,4700000,9500000,18,876,1,40500000
2422,2,1,0,4600000,17500000,20,597,1,35700000
2423,4,1,0,5100000,16100000,14,436,0,33900000
2424,3,0,1,6100000,22800000,18,640,1,49700000
2425,0,0,0,6000000,22900000,16,302,0,43500000
2426,2,0,0,8400000,23200000,16,476,0,47900000
2427,2,1,0,9300000,22000000,14,393,0,50400000
2428,0,1,0,4200000,10300000,10,506,0,32200000
2429,3,1,0,9600000,37800000,10,418,0,58400000
2430,3,1,0,5600000,13400000,6,865,1,42900000
2431,4,1,0,7800000,28600000,2,703,1,52900000
2432,2,1,1,4500000,12600000,2,568,1,31500000
2433,3,1,0,2400000,5900000,2,425,0,11500000
2434,0,0,0,3900000,11300000,12,305,0,21800000
2435,5,1,1,9600000,20600000,6,456,0,61600000
2436,4,0,0,900000,2600000,2,602,1,5600000
2437,3,1,1,1100000,3800000,20,814,1,7200000
2438,4,0,0,6400000,24900000,2,640,1,40700000
2439,2,1,0,4600000,15000000,4,817,1,29200000
2440,4,1,0,7600000,29800000,20,361,0,40800000
2441,5,0,0,6800000,20100000,14,839,1,25600000
2442,5,1,0,7100000,27000000,20,592,1,42500000
2443,4,0,1,6700000,24700000,6,498,0,40800000
2444,5,0,1,5800000,12400000,6,847,1,35800000
2445,0,1,1,8600000,29400000,16,643,1,60400000
2446,0,1,1,3500000,10600000,4,389,1,24700000
2447,2,1,1,4800000,17500000,20,381,0,27700000
2448,5,1,1,6100000,14400000,16,400,0,41400000
2449,5,1,1,5200000,12700000,16,718,1,37100000
2450,5,0,1,4100000,12400000,8,309,0,25500000
2451,5,0,0,3200000,7400000,2,838,1,18900000
2452,3,0,1,7500000,21600000,14,678,1,52200000
2453,2,0,1,1500000,4500000,14,826,1,11100000
2454,4,1,1,1200000,3100000,16,348,0,8600000
2455,1,1,1,8400000,19700000,6,476,0,85100000
2456,0,0,1,7900000,26300000,8,666,1,44000000
2457,1,1,1,2100000,4300000,20,896,1,12200000
2458,2,1,0,2500000,7000000,20,547,0,9500000
2459,2,0,1,3700000,13900000,2,405,1,23700000
2460,5,1,0,1100000,4000000,16,498,0,3500000
2461,5,1,0,6500000,24800000,8,779,1,41100000
2462,0,0,1,8200000,31500000,8,403,0,45400000
2463,2,0,0,5000000,12400000,8,709,1,35600000
2464,1,0,0,1500000,6000000,6,507,0,12000000
2465,5,0,0,3700000,9100000,18,368,0,17500000
2466,3,1,1,4100000,14600000,16,760,1,29200000
2467,2,0,0,7200000,16800000,6,796,1,36900000
2468,1,1,0,2000000,5000000,6,876,1,10700000
2469,3,0,0,2000000,4700000,14,673,1,11600000
2470,1,1,1,5100000,11500000,4,747,1,35000000
2471,1,0,0,6000000,13600000,12,589,1,29000000
2472,1,1,0,4900000,18100000,8,382,0,31900000
2473,3,0,1,900000,2300000,12,900,1,5700000
2474,1,1,1,7500000,25000000,18,628,1,32100000
2475,2,1,0,6400000,25000000,12,667,1,49900000
2476,2,1,1,8700000,26400000,2,778,1,50000000
2477,4,1,1,7300000,17200000,18,831,1,51000000
2478,5,1,0,7400000,27100000,4,320,1,69000000
2479,2,1,0,2700000,9300000,16,656,1,20200000
2480,3,1,0,3400000,8900000,6,896,1,23400000
2481,3,0,1,2100000,7400000,4,320,1,14500000
2482,2,0,0,3100000,10500000,10,751,1,22000000
2483,5,0,0,4700000,17400000,2,523,1,33700000
2484,5,1,0,3100000,10500000,6,584,1,23600000
2485,2,0,0,5700000,20400000,2,630,1,31600000
2486,3,1,1,2300000,8000000,14,472,0,17200000
2487,0,0,1,6600000,18500000,16,802,1,47200000
2488,2,1,1,2700000,6400000,18,547,0,17600000
2489,1,0,1,800000,2800000,16,726,1,7600000
2490,1,1,0,6600000,18500000,8,712,1,37500000
2491,3,1,0,3900000,10700000,6,790,1,27700000
2492,5,0,0,200000,600000,16,396,0,700000
2493,3,1,0,2000000,4200000,6,831,1,11100000
2494,2,1,1,9100000,20900000,20,632,1,47800000
2495,3,1,0,4700000,10800000,8,527,0,34800000
2496,3,0,1,3200000,11100000,6,708,1,24200000
2497,2,0,0,1700000,4200000,14,829,1,8000000
2498,1,0,0,2600000,8100000,12,854,1,18400000
2499,3,0,1,2700000,6700000,14,899,1,14600000
2500,0,0,1,3600000,13400000,6,589,1,18800000
2501,4,1,1,7200000,26000000,6,571,1,31500000
2502,2,0,1,2500000,6400000,6,708,1,20500000
2503,2,0,0,5500000,19600000,16,328,0,21800000
2504,3,1,1,9200000,33500000,8,564,1,77200000
2505,3,0,0,9000000,19000000,8,693,1,59600000
2506,4,0,1,5900000,15000000,14,626,1,46800000
2507,4,1,0,5600000,15600000,12,470,0,42200000
2508,2,0,1,3200000,12500000,8,849,1,20500000
2509,5,0,0,9100000,27800000,16,547,0,70200000
2510,0,0,1,4600000,15100000,2,417,1,27900000
2511,4,1,0,7300000,14900000,2,358,0,53600000
2512,5,0,1,1300000,3100000,16,826,1,8400000
2513,0,0,0,1800000,4200000,6,836,1,12000000
2514,3,1,0,500000,1700000,10,509,0,2400000
2515,2,0,1,5700000,20500000,20,581,1,42900000
2516,4,1,0,300000,1100000,4,359,1,1300000
2517,5,1,1,2100000,7100000,10,517,0,10900000
2518,1,0,1,5700000,20100000,14,442,0,43400000
2519,1,0,1,1100000,2700000,16,346,0,5200000
2520,5,1,0,9300000,34000000,6,742,1,45800000
2521,1,1,1,3500000,8100000,10,626,1,22700000
2522,0,0,1,8200000,28800000,4,619,1,39400000
2523,2,0,1,7500000,17900000,20,734,1,42500000
2524,1,1,1,7000000,25600000,6,420,0,50600000
2525,5,0,1,3900000,8300000,18,600,1,20500000
2526,3,1,1,4700000,13200000,12,440,0,28200000
2527,5,0,1,1700000,5200000,16,820,1,7900000
2528,0,1,0,2500000,7800000,8,437,0,14900000
2529,1,0,1,400000,1400000,12,468,0,2600000
2530,0,0,1,2400000,9100000,8,368,0,11300000
2531,4,1,0,5700000,21900000,2,871,1,25400000
2532,1,1,0,9800000,37900000,4,816,1,68600000
2533,5,1,0,9000000,32800000,4,773,1,45100000
2534,3,0,0,800000,3000000,14,576,1,5500000
2535,1,1,0,1600000,4500000,14,673,1,9600000
2536,0,1,1,9800000,34100000,20,760,1,77900000
2537,5,0,1,2900000,7500000,12,678,1,21000000
2538,4,0,1,3900000,12000000,14,893,1,28800000
2539,0,1,1,3300000,9000000,18,754,1,21600000
2540,3,1,1,700000,2200000,8,617,1,5300000
2541,3,0,1,8400000,29500000,20,661,1,57800000
2542,1,1,1,4000000,12100000,12,356,0,33600000
2543,0,0,1,1900000,6300000,16,811,1,8200000
2544,0,0,0,3900000,14600000,2,730,1,33200000
2545,5,0,0,7400000,18000000,2,792,1,39900000
2546,5,0,1,5900000,16000000,6,798,1,36300000
2547,2,0,0,1400000,2900000,12,490,0,9000000
2548,2,1,1,1800000,5500000,6,448,0,10100000
2549,0,1,1,1000000,3100000,6,525,0,7800000
2550,1,1,0,7400000,19200000,20,415,0,43200000
2551,5,1,0,2700000,10600000,16,496,0,15800000
2552,1,0,1,3600000,13100000,8,543,0,15600000
2553,5,1,0,7000000,18400000,12,520,0,37400000
2554,4,0,1,5000000,18000000,14,307,0,27000000
2555,2,1,0,1800000,5700000,14,502,0,8200000
2556,2,1,1,4700000,12000000,6,505,0,27500000
2557,2,0,1,6700000,23100000,4,304,1,55800000
2558,5,0,0,5800000,17500000,10,719,1,23200000
2559,0,1,1,5900000,22700000,18,855,1,38200000
2560,4,0,0,6000000,15800000,18,593,1,31200000
2561,1,0,1,700000,1400000,10,523,0,4300000
2562,0,0,1,3700000,13100000,14,385,0,31500000
2563,0,1,1,7100000,19300000,6,783,1,35500000
2564,5,1,1,1100000,3900000,2,538,1,7600000
2565,3,0,1,9500000,20100000,2,506,0,61300000
2566,4,0,1,2200000,8600000,2,461,1,11200000
2567,4,0,1,5500000,20000000,8,666,1,34400000
2568,3,0,1,4400000,16300000,20,561,1,29500000
2569,5,0,0,5000000,10800000,10,345,0,37700000
2570,4,0,1,6100000,12500000,14,862,1,41500000
2571,3,0,0,8100000,22300000,10,686,1,54500000
2572,4,1,1,7000000,19600000,8,708,1,49000000
2573,4,0,0,5600000,14800000,20,656,1,36900000
2574,4,1,0,1800000,7000000,14,743,1,9600000
2575,2,1,0,3600000,12100000,14,408,0,32700000
2576,5,1,0,600000,1300000,14,408,0,3800000
2577,1,1,1,4900000,16500000,12,439,0,26400000
2578,3,1,1,3000000,7100000,6,415,0,19700000
2579,0,0,1,3800000,10600000,12,490,0,27300000
2580,1,1,1,7600000,30000000,16,884,1,44900000
2581,4,1,0,7800000,25400000,18,425,0,54700000
2582,0,1,0,6800000,21700000,20,730,1,41000000
2583,4,1,1,5900000,17300000,20,657,1,24200000
2584,2,0,0,4900000,16800000,10,480,0,26400000
2585,3,0,1,1100000,3100000,16,356,0,6000000
2586,1,0,1,9800000,36000000,12,629,1,73100000
2587,1,1,1,1200000,4700000,2,667,1,6400000
2588,0,0,0,4700000,11500000,18,559,1,28800000
2589,4,1,0,6700000,16000000,4,791,1,38900000
2590,0,0,1,3700000,11300000,6,538,0,22400000
2591,2,1,0,7400000,16000000,20,358,0,53300000
2592,2,0,0,3300000,11700000,14,439,0,20300000
2593,2,1,1,4800000,15300000,12,503,0,23600000
2594,4,1,1,4600000,11900000,6,810,1,42100000
2595,1,1,1,8000000,30600000,14,302,0,56500000
2596,0,0,0,4100000,8800000,18,300,0,29400000
2597,4,0,0,2600000,7200000,16,612,1,9500000
2598,3,0,0,1300000,5000000,6,686,1,9700000
2599,0,1,1,2300000,4900000,12,409,0,13600000
2600,5,1,0,300000,900000,6,492,0,2200000
2601,0,1,1,7000000,21700000,20,498,0,30700000
2602,3,0,1,4400000,10900000,18,611,1,26700000
2603,5,0,1,5100000,11800000,6,776,1,22900000
2604,1,0,0,5900000,13000000,6,779,1,42100000
2605,3,1,1,7800000,27200000,16,560,1,42100000
2606,4,1,1,2200000,5100000,6,308,0,15500000
2607,4,0,0,5400000,12600000,18,786,1,30400000
2608,1,0,0,7400000,29100000,8,597,1,40200000
2609,4,1,0,5800000,12000000,12,811,1,35500000
2610,1,1,1,5800000,13000000,12,862,1,35600000
2611,3,0,1,4800000,14200000,12,369,0,20400000
2612,1,0,1,7400000,23900000,4,687,1,63400000
2613,0,0,1,9600000,19600000,12,500,0,70700000
2614,2,0,1,200000,500000,6,746,1,900000
2615,4,0,0,700000,2100000,14,619,1,6000000
2616,2,0,0,7600000,16700000,20,692,1,52000000
2617,1,0,1,1400000,3300000,18,321,0,6100000
2618,2,0,1,3800000,15000000,14,730,1,28000000
2619,3,0,0,2700000,10800000,6,480,0,18200000
2620,2,0,1,5000000,10700000,2,753,1,38800000
2621,4,1,1,9000000,28900000,6,637,1,50300000
2622,3,1,0,3700000,9000000,6,483,0,23200000
2623,4,0,1,300000,1100000,4,315,1,1800000
2624,4,1,0,1800000,4100000,8,777,1,10200000
2625,2,1,0,7900000,17700000,4,402,0,66700000
2626,4,1,1,2100000,7700000,8,493,0,10400000
2627,0,1,1,900000,3100000,4,355,1,5300000
2628,3,1,0,9900000,23600000,18,557,1,59000000
2629,0,0,1,5600000,20000000,20,606,1,35200000
2630,1,0,1,6000000,12200000,16,743,1,34900000
2631,5,0,0,5700000,18400000,4,579,1,38900000
2632,0,1,1,9000000,33100000,20,734,1,44300000
2633,0,1,0,7300000,16100000,2,490,0,41500000
2634,5,1,0,5300000,20500000,16,802,1,43500000
2635,1,0,1,3500000,7400000,16,867,1,18700000
2636,0,0,0,1000000,2200000,12,302,0,7700000
2637,0,0,0,5100000,19900000,12,867,1,32900000
2638,0,1,1,2900000,9900000,8,312,0,21200000
2639,3,0,0,7600000,19100000,14,762,1,60600000
2640,5,0,1,6000000,14700000,18,462,0,42400000
2641,1,1,0,6300000,18200000,18,849,1,30800000
2642,3,0,0,1900000,7400000,18,592,1,13100000
2643,4,1,0,600000,1400000,4,507,0,2600000
2644,2,0,1,4100000,11400000,14,505,0,31200000
2645,0,0,1,800000,3200000,8,467,0,5200000
2646,2,0,0,6600000,22900000,16,543,0,48300000
2647,4,1,1,300000,1100000,12,674,1,1600000
2648,3,1,0,6100000,13500000,2,717,1,39400000
2649,5,0,1,4800000,17000000,10,666,1,27500000
2650,4,0,0,4500000,17300000,18,830,1,18900000
2651,2,1,0,3800000,9400000,16,383,0,20300000
2652,2,1,1,7000000,18900000,8,584,1,52200000
2653,2,0,0,4400000,14200000,18,799,1,27300000
2654,5,1,0,5300000,19400000,6,510,0,39000000
2655,0,0,1,2600000,5900000,6,572,1,20000000
2656,3,0,0,3300000,13100000,2,554,1,19000000
2657,1,0,1,1200000,4800000,6,344,0,9100000
2658,3,1,0,4300000,8600000,8,881,1,34800000
2659,0,0,1,8400000,27200000,10,514,0,36200000
2660,0,1,0,600000,1800000,18,796,1,3400000
2661,2,1,1,4700000,16200000,12,802,1,29200000
2662,3,1,0,4200000,12500000,20,375,0,19700000
2663,2,1,0,4300000,14700000,2,871,1,29700000
2664,0,0,0,800000,2900000,2,439,1,4900000
2665,0,0,1,9300000,32000000,8,438,0,78500000
2666,5,0,0,6200000,13700000,2,468,0,35000000
2667,3,1,1,3500000,10200000,12,645,1,28500000
2668,2,1,1,3600000,9200000,18,700,1,20400000
2669,5,1,1,9500000,36700000,16,348,0,48700000
2670,5,1,1,600000,1400000,10,877,1,4500000
2671,0,0,1,3800000,14900000,6,899,1,23600000
2672,3,1,1,1400000,3500000,12,610,1,7000000
2673,1,0,0,6300000,23900000,4,742,1,34700000
2674,1,0,1,2800000,6600000,18,801,1,19700000
2675,4,1,1,5400000,17100000,2,533,1,35800000
2676,3,0,1,6300000,23900000,16,656,1,42300000
2677,3,1,1,3900000,14300000,18,785,1,37300000
2678,2,1,1,4200000,15700000,2,332,1,24000000
2679,0,1,0,3100000,8100000,18,768,1,16000000
2680,1,1,0,3400000,8600000,6,640,1,20900000
2681,4,0,0,1500000,3100000,6,885,1,8600000
2682,3,0,1,900000,2000000,18,772,1,7300000
2683,4,1,1,7800000,25600000,4,665,1,38800000
2684,1,0,1,3500000,10500000,20,454,0,22000000
2685,1,0,0,8400000,32500000,14,698,1,56000000
2686,4,0,1,6400000,21300000,20,332,0,36900000
2687,1,0,0,9600000,28300000,6,536,0,61300000
2688,5,0,1,2100000,6500000,10,796,1,15200000
2689,2,0,1,6000000,19900000,8,486,0,46900000
2690,0,0,1,8300000,16800000,18,422,0,53300000
2691,1,0,1,5300000,18500000,6,501,0,36200000
2692,1,0,1,9700000,23500000,4,666,1,55800000
2693,3,0,1,8200000,16500000,18,371,0,46900000
2694,5,1,0,3400000,6900000,14,312,0,16300000
2695,5,1,0,2800000,11000000,12,753,1,21600000
2696,0,0,1,2400000,5200000,16,740,1,17700000
2697,1,1,0,8200000,24000000,4,366,0,61700000
2698,4,0,0,4200000,11100000,8,526,0,33500000
2699,4,1,1,5500000,14800000,10,354,0,48300000
2700,5,0,1,2900000,6300000,6,719,1,19100000
2701,5,0,0,6300000,20100000,12,774,1,49400000
2702,5,0,1,9700000,29100000,18,732,1,60100000
2703,1,0,0,6500000,16000000,6,862,1,35700000
2704,5,0,0,4900000,10800000,18,613,1,27400000
2705,5,1,1,6900000,16500000,6,447,0,25200000
2706,4,0,1,1100000,3000000,4,730,1,5600000
2707,2,0,1,7800000,29600000,14,568,1,42700000
2708,2,1,1,8200000,23600000,6,495,0,66900000
2709,5,0,1,6700000,23600000,14,854,1,33200000
2710,3,1,1,7400000,15200000,10,548,0,53600000
2711,1,0,0,1200000,2700000,14,779,1,5800000
2712,0,0,0,9500000,24800000,2,564,1,65000000
2713,5,0,1,4000000,8200000,2,571,1,25100000
2714,0,0,1,8600000,32600000,8,778,1,80200000
2715,4,1,1,9100000,28400000,12,808,1,66600000
2716,0,0,1,7100000,18600000,20,770,1,60500000
2717,0,0,0,9000000,28400000,4,612,1,47300000
2718,3,1,1,1400000,2700000,14,819,1,8000000
2719,1,1,0,8800000,20200000,6,627,1,69800000
2720,3,0,1,5400000,14700000,4,359,0,43400000
2721,1,1,0,6100000,19100000,6,341,0,30300000
2722,1,1,0,1000000,3600000,4,570,1,7000000
2723,3,1,1,7700000,18100000,20,736,1,61400000
2724,1,1,1,6100000,12900000,2,302,0,39200000
2725,2,0,1,7700000,21000000,12,420,0,58300000
2726,4,1,1,4700000,12000000,2,416,0,33800000
2727,2,1,1,9100000,34800000,20,836,1,72700000
2728,0,1,1,5800000,12700000,12,528,0,42900000
2729,4,0,0,8500000,24900000,2,405,0,35400000
2730,2,1,1,9900000,33400000,14,783,1,63200000
2731,4,0,1,2000000,4000000,10,636,1,7800000
2732,1,0,1,5000000,16800000,6,711,1,33100000
2733,1,1,1,3200000,11800000,16,848,1,18500000
2734,1,0,1,8000000,27800000,8,804,1,48400000
2735,0,0,1,1200000,2800000,14,892,1,8300000
2736,2,0,1,5800000,22800000,14,696,1,37900000
2737,1,1,0,2500000,7600000,20,888,1,19900000
2738,1,0,1,600000,1400000,10,699,1,3000000
2739,5,1,0,4900000,13000000,10,865,1,38200000
2740,2,1,1,9400000,37300000,14,383,0,58500000
2741,2,1,0,5300000,19300000,16,368,0,30400000
2742,5,0,0,5100000,15800000,4,607,1,33300000
2743,4,0,1,2900000,8900000,18,827,1,16600000
2744,1,1,0,9100000,34000000,12,672,1,51700000
2745,3,0,1,8800000,26700000,12,708,1,67800000
2746,4,0,0,2600000,8800000,10,682,1,21100000
2747,1,1,1,9700000,25500000,18,741,1,67800000
2748,5,0,1,600000,1200000,8,343,0,3000000
2749,0,1,1,4100000,11100000,16,785,1,25400000
2750,1,0,1,8000000,28000000,20,830,1,71200000
2751,2,1,0,8800000,26700000,16,696,1,59400000
2752,1,1,0,200000,300000,12,697,1,1700000
2753,0,1,1,3800000,11700000,2,351,1,22400000
2754,3,1,0,6800000,21800000,10,556,1,50200000
2755,0,1,0,8600000,31800000,2,895,1,63200000
2756,2,1,1,2800000,8400000,10,534,0,25200000
2757,0,1,0,8000000,29800000,12,736,1,55500000
2758,2,1,1,2300000,5500000,16,629,1,16400000
2759,4,1,1,7600000,16200000,20,657,1,45200000
2760,2,1,0,2900000,11300000,12,839,1,16500000
2761,4,0,0,7900000,25700000,18,589,1,39700000
2762,2,0,0,1900000,4500000,6,805,1,12400000
2763,3,0,1,4600000,13600000,20,729,1,33300000
2764,1,0,0,2600000,7700000,6,399,0,20400000
2765,2,0,0,2700000,6700000,8,413,0,19900000
2766,5,1,1,6300000,13200000,16,321,0,33000000
2767,0,1,1,2600000,7500000,2,853,1,19100000
2768,4,0,1,7700000,23400000,6,400,0,38800000
2769,0,1,1,7400000,16300000,16,630,1,58100000
2770,3,1,1,7300000,21600000,20,557,1,41400000
2771,1,1,0,2900000,7600000,2,358,0,13700000
2772,3,1,1,6600000,16000000,10,510,0,25600000
2773,2,1,1,2700000,9600000,14,554,1,18100000
2774,3,1,1,8300000,27700000,4,596,1,64700000
2775,0,1,0,4900000,18500000,8,659,1,30100000
2776,4,1,1,7900000,30700000,10,322,0,60400000
2777,5,1,1,8800000,21300000,14,852,1,52800000
2778,5,0,0,4000000,14100000,18,653,1,24700000
2779,4,1,1,3900000,9200000,12,737,1,22600000
2780,3,1,1,7700000,18900000,2,583,1,38300000
2781,1,1,1,3800000,10000000,16,873,1,22200000
2782,5,1,0,8000000,27000000,20,595,1,44900000
2783,5,1,1,3400000,11300000,20,871,1,22500000
2784,5,1,1,5500000,18800000,12,603,1,30000000
2785,0,0,0,7700000,29300000,14,801,1,46100000
2786,5,1,0,4000000,9400000,4,723,1,14300000
2787,5,0,1,5900000,22600000,18,630,1,29800000
2788,0,0,1,2600000,9900000,20,368,0,12300000
2789,3,1,0,6600000,22200000,12,759,1,38300000
2790,0,0,1,1000000,3000000,18,382,0,7300000
2791,4,0,1,800000,2800000,16,645,1,5200000
2792,0,1,0,3200000,6300000,6,878,1,23600000
2793,4,1,0,8400000,23400000,12,350,0,62000000
2794,3,1,1,5800000,17600000,6,720,1,34500000
2795,0,0,1,7300000,28100000,10,673,1,40100000
2796,1,1,0,3900000,8000000,6,448,0,15800000
2797,2,0,1,4600000,16000000,4,720,1,20500000
2798,0,1,0,3600000,12300000,2,300,1,27900000
2799,4,1,0,7500000,28700000,20,520,0,29000000
2800,1,1,0,5200000,15000000,12,794,1,32000000
2801,3,1,1,4400000,10000000,8,875,1,26900000
2802,1,0,1,5100000,12900000,14,533,0,31700000
2803,0,1,0,6000000,23600000,6,776,1,48700000
2804,2,1,0,3800000,11400000,6,706,1,19900000
2805,3,1,0,2800000,10900000,2,710,1,12200000
2806,5,1,1,6500000,18300000,4,333,0,37200000
2807,2,0,1,1600000,6400000,4,787,1,7900000
2808,4,1,0,5500000,18600000,12,569,1,46700000
2809,0,1,1,9600000,20100000,16,427,0,51400000
2810,0,1,0,7000000,27800000,16,640,1,39400000
2811,2,0,0,4000000,8100000,16,312,0,23800000
2812,1,0,1,8100000,30900000,12,464,0,48800000
2813,2,0,1,6600000,22800000,8,490,0,40500000
2814,5,1,0,4100000,10200000,12,431,0,26400000
2815,1,1,0,6600000,24800000,4,500,1,35500000
2816,4,1,0,5100000,12200000,14,511,0,30400000
2817,4,1,0,8200000,25200000,18,691,1,53700000
2818,1,0,1,9500000,24400000,14,696,1,68000000
2819,0,0,1,7600000,27600000,2,437,1,55600000
2820,2,0,1,8400000,20800000,12,335,0,47600000
2821,4,1,0,7600000,25100000,4,671,1,49500000
2822,4,0,1,1400000,3700000,12,621,1,10900000
2823,4,0,1,2700000,6800000,10,455,0,17400000
2824,1,1,1,200000,500000,10,856,1,1400000
2825,3,1,0,600000,2100000,16,892,1,4000000
2826,4,1,0,5200000,12900000,16,819,1,31800000
2827,0,0,1,5100000,11600000,10,308,0,27700000
2828,4,1,1,9200000,18600000,2,889,1,74100000
2829,5,0,0,6500000,23200000,18,713,1,28700000
2830,0,1,0,8500000,21000000,6,665,1,52000000
2831,4,0,0,2000000,6000000,12,837,1,11800000
2832,4,0,1,7500000,18000000,20,395,0,46200000
2833,0,1,1,7500000,28900000,10,632,1,67000000
2834,2,0,0,2000000,4300000,16,497,0,13800000
2835,3,1,1,1400000,2700000,14,694,1,9300000
2836,1,0,1,1700000,5600000,2,882,1,14000000
2837,2,1,1,5300000,14900000,6,504,0,32900000
2838,4,0,0,8900000,30100000,2,747,1,64500000
2839,3,1,0,9700000,35300000,4,462,1,61900000
2840,5,1,0,9000000,25900000,4,538,0,61600000
2841,2,0,1,8500000,30900000,6,664,1,42800000
2842,1,0,0,3500000,10900000,4,524,1,31400000
2843,1,0,0,500000,1400000,6,464,0,3500000
2844,3,1,0,8900000,19100000,6,807,1,59100000
2845,2,0,1,7800000,27200000,18,622,1,42700000
2846,5,0,1,9800000,27800000,6,827,1,59600000
2847,0,1,0,5200000,19000000,14,687,1,36200000
2848,4,1,0,7400000,19400000,16,835,1,60600000
2849,3,1,1,1200000,3300000,6,772,1,5900000
2850,1,0,1,1000000,3200000,2,710,1,4500000
2851,3,1,1,9500000,32500000,14,581,1,57800000
2852,3,0,0,4500000,11700000,18,775,1,28700000
2853,2,1,0,4900000,16000000,12,710,1,31500000
2854,3,0,1,700000,2500000,8,321,0,5200000
2855,0,1,0,9400000,28300000,20,761,1,78200000
2856,3,0,1,8300000,31400000,6,674,0,25900000
2857,4,1,1,5600000,13000000,4,899,1,37400000
2858,5,0,1,4400000,12300000,8,567,1,22100000
2859,3,1,0,2100000,5400000,8,771,1,16100000
2860,1,0,1,4400000,10600000,4,360,0,34400000
2861,0,0,0,6300000,19600000,6,425,0,45500000
2862,4,1,0,9900000,30000000,18,496,0,61500000
2863,3,0,0,700000,1600000,20,705,1,4500000
2864,4,0,0,3600000,12400000,14,427,0,24500000
2865,1,0,1,5600000,21000000,2,552,1,37700000
2866,3,0,1,1000000,3700000,8,725,1,9600000
2867,5,1,1,6400000,15600000,8,553,1,45500000
2868,0,0,0,8900000,19100000,2,725,1,51100000
2869,4,1,0,9900000,26100000,2,481,0,52400000
2870,2,1,1,4000000,8600000,4,847,1,29600000
2871,0,0,1,7300000,25700000,10,666,1,52100000
2872,1,0,0,8100000,25400000,6,477,0,45300000
2873,4,1,1,6800000,22100000,4,446,1,36400000
2874,0,0,1,2600000,8200000,8,630,1,20400000
2875,5,0,1,300000,1100000,20,613,1,1900000
2876,2,1,1,2400000,7500000,4,851,1,11800000
2877,0,0,0,6000000,20600000,12,339,0,39500000
2878,4,1,1,3800000,11100000,16,857,1,35100000
2879,0,1,1,7000000,22100000,14,467,0,48300000
2880,0,1,1,5400000,12900000,16,355,0,39900000
2881,1,0,0,6400000,16400000,6,428,0,56100000
2882,5,0,1,7000000,24000000,14,450,0,41800000
2883,2,0,1,2100000,4600000,4,348,0,14200000
2884,4,0,1,4400000,15000000,12,459,0,20300000
2885,0,0,0,8000000,31000000,8,847,1,49700000
2886,2,0,1,3900000,8300000,18,523,0,13300000
2887,0,1,0,4700000,15200000,10,786,1,31900000
2888,0,1,0,6800000,21200000,14,300,0,35200000
2889,0,0,1,1800000,6500000,12,728,1,11500000
2890,3,0,1,8600000,32000000,4,497,1,38200000
2891,1,0,1,3600000,13700000,10,548,0,25300000
2892,1,1,1,6800000,22900000,6,576,1,31000000
2893,3,1,1,1100000,4100000,20,863,1,6200000
2894,4,1,1,4000000,8400000,8,717,1,28200000
2895,1,1,0,2500000,5900000,12,668,1,18000000
2896,2,1,0,5400000,17400000,10,335,0,29700000
2897,5,0,0,6600000,13600000,4,861,1,40100000
2898,4,0,0,6000000,14900000,2,321,0,39100000
2899,0,1,1,2200000,8300000,10,585,1,11500000
2900,1,1,0,8800000,18500000,10,704,1,55500000
2901,0,0,1,4000000,10300000,4,819,1,30100000
2902,4,0,1,3600000,12400000,18,494,0,17500000
2903,5,1,1,8100000,22500000,2,808,1,33800000
2904,3,0,1,5200000,11000000,12,830,1,37600000
2905,5,1,0,1100000,2800000,14,473,0,5500000
2906,2,1,0,7500000,29800000,4,392,1,32500000
2907,5,0,0,7700000,20300000,12,806,1,63100000
2908,0,0,0,5700000,21400000,8,340,0,26100000
2909,3,1,1,5000000,13900000,8,555,1,41900000
2910,5,0,0,500000,1200000,16,499,0,2900000
2911,3,1,0,8900000,21300000,10,467,0,61900000
2912,1,0,0,1700000,6600000,4,797,1,12100000
2913,4,0,1,500000,1300000,18,762,1,3300000
2914,3,0,1,9900000,36500000,16,562,1,67900000
2915,1,1,0,8400000,21800000,2,492,0,39800000
2916,3,0,1,500000,1700000,4,824,1,2900000
2917,2,1,0,1700000,5700000,10,602,1,13900000
2918,1,0,1,6500000,18300000,10,722,1,44200000
2919,1,0,0,8900000,28400000,6,709,1,61200000
2920,1,0,0,400000,1400000,4,302,1,2300000
2921,3,0,0,5700000,12300000,6,364,0,44400000
2922,0,0,1,9600000,23800000,12,389,0,76300000
2923,0,1,1,8500000,20000000,16,786,1,47300000
2924,0,1,0,4000000,11500000,8,434,0,21600000
2925,2,0,1,6300000,18100000,6,671,1,34700000
2926,3,1,1,4000000,14700000,8,376,0,22300000
2927,4,1,0,9400000,32200000,6,898,1,67500000
2928,5,1,1,4100000,15500000,10,836,1,30400000
2929,4,1,1,1100000,4400000,6,515,0,7500000
2930,3,0,0,8700000,24800000,20,360,0,69400000
2931,4,1,1,4900000,12800000,2,691,1,26800000
2932,1,0,1,2800000,9100000,14,510,0,20000000
2933,0,1,0,9600000,23200000,18,389,0,49600000
2934,3,1,1,6900000,19000000,14,348,0,32200000
2935,2,0,1,2300000,8100000,2,504,1,12600000
2936,2,0,0,6800000,21300000,20,658,1,50300000
2937,1,0,1,2200000,5400000,16,641,1,11900000
2938,2,0,0,5900000,19800000,20,327,0,37500000
2939,1,1,1,7000000,20300000,18,726,1,50800000
2940,1,1,1,9600000,34100000,20,828,1,78300000
2941,0,1,0,6500000,14500000,12,755,1,45100000
2942,2,0,1,3800000,7600000,20,788,1,21700000
2943,2,1,0,9400000,25100000,20,832,1,49700000
2944,0,0,0,2100000,8200000,4,554,1,15300000
2945,1,0,1,8500000,26200000,8,811,1,74400000
2946,5,1,1,3800000,12000000,2,649,1,26000000
2947,1,0,1,3400000,9700000,20,830,1,25000000
2948,1,1,1,5600000,11700000,6,707,1,28200000
2949,0,1,1,8500000,33700000,10,483,0,68900000
2950,4,0,1,2100000,5500000,18,349,0,8700000
2951,4,1,0,400000,1500000,4,846,1,2500000
2952,4,0,0,7900000,31500000,20,386,0,49400000
2953,5,0,0,6900000,19200000,12,408,0,48900000
2954,0,0,1,1800000,3900000,2,764,1,7600000
2955,0,1,1,1200000,3200000,18,473,0,6300000
2956,3,0,0,3600000,9800000,12,654,1,11600000
2957,1,1,0,7200000,22800000,2,551,1,54500000
2958,5,1,0,9400000,21800000,6,850,1,56600000
2959,5,1,0,9000000,24200000,4,646,1,47900000
2960,1,0,1,1000000,2100000,8,793,1,7800000
2961,3,0,0,5600000,19900000,16,551,1,38800000
2962,1,1,0,900000,2600000,4,346,0,4900000
2963,5,0,1,9000000,19100000,14,540,0,35300000
2964,2,0,0,3100000,9000000,20,892,1,21700000
2965,1,0,1,8000000,20700000,6,570,1,47200000
2966,4,0,1,3500000,11300000,16,874,1,19000000
2967,4,1,0,3900000,12600000,8,553,1,27500000
2968,2,1,0,9700000,34500000,10,649,1,48900000
2969,4,1,0,4500000,15800000,14,439,0,35400000
2970,5,0,0,6800000,24800000,8,621,1,54600000
2971,2,0,0,6300000,18600000,14,872,1,45400000
2972,2,1,0,4900000,18500000,8,492,0,33900000
2973,0,1,0,4800000,18600000,6,618,1,39000000
2974,5,1,0,7500000,15800000,18,458,0,45100000
2975,5,0,0,5200000,13900000,4,422,0,31300000
2976,3,0,1,9400000,30900000,20,873,1,68800000
2977,5,0,0,3200000,10000000,14,610,1,18800000
2978,1,0,1,3600000,13200000,20,546,0,29300000
2979,1,0,1,3400000,7200000,8,741,1,26300000
2980,3,1,0,2100000,8200000,6,754,1,9700000
2981,1,1,0,7200000,15100000,8,379,0,40800000
2982,5,1,0,4500000,16900000,18,455,0,21500000
2983,0,1,1,2600000,9000000,20,615,1,18600000
2984,4,1,1,6400000,21700000,10,384,0,45500000
2985,0,1,0,6400000,25100000,16,628,1,43500000
2986,3,1,0,3100000,11200000,16,865,1,19000000
2987,2,1,0,1800000,5300000,2,679,1,9100000
2988,1,1,1,9300000,19000000,14,689,1,79600000
2989,5,0,1,6500000,13800000,10,636,1,46000000
2990,1,0,0,3100000,6600000,20,837,1,24800000
2991,3,0,0,2300000,8500000,12,557,1,12500000
2992,2,1,0,500000,1700000,10,324,0,3100000
2993,0,0,1,3700000,9300000,14,531,0,20100000
2994,4,0,1,8600000,21400000,14,476,0,49700000
2995,4,1,0,2600000,8500000,4,775,1,17400000
2996,1,0,1,7100000,18000000,20,477,0,48400000
2997,4,0,1,7000000,19800000,16,682,1,36400000
2998,5,0,0,8300000,17700000,12,334,0,65100000
2999,3,1,1,6800000,23900000,12,565,1,47100000
3000,1,0,1,9900000,25700000,2,340,0,75700000
3001,2,1,0,5100000,11000000,14,322,0,27400000
3002,4,1,1,3500000,10700000,8,883,1,12900000
3003,3,1,1,4300000,12800000,16,346,0,20100000
3004,0,1,1,5300000,20200000,2,861,1,24000000
3005,5,1,1,6400000,21900000,12,699,1,37200000
3006,0,1,0,9300000,27200000,8,629,1,50700000
3007,3,1,0,1100000,3100000,14,359,0,7500000
3008,2,0,0,7100000,27000000,10,430,0,57700000
3009,4,0,0,1100000,3300000,18,417,0,7300000
3010,2,1,0,1900000,5200000,6,896,1,13000000
3011,0,0,0,1300000,3900000,16,690,1,10800000
3012,5,1,0,7500000,22800000,16,347,0,43100000
3013,4,0,0,2400000,7000000,4,539,0,14800000
3014,4,1,1,2500000,8000000,8,464,0,19000000
3015,4,1,0,7500000,16200000,4,310,0,45800000
3016,3,0,0,9300000,36600000,6,431,0,78300000
3017,5,0,0,3300000,10000000,12,489,0,12500000
3018,4,0,1,5700000,13900000,12,775,1,27700000
3019,4,0,0,300000,600000,6,365,0,1100000
3020,2,0,1,1200000,4500000,10,555,1,5300000
3021,4,1,1,8200000,29600000,10,457,0,45800000
3022,3,0,0,5500000,12400000,8,580,1,28300000
3023,4,0,0,1800000,7200000,20,496,0,13300000
3024,0,0,0,3500000,11400000,16,837,1,18500000
3025,4,0,1,6000000,13200000,6,455,0,36800000
3026,0,1,1,2700000,9700000,20,551,1,11300000
3027,4,0,1,5900000,20700000,10,825,1,49100000
3028,1,0,1,2100000,4200000,18,554,1,12100000
3029,0,0,1,2000000,5200000,18,400,0,9900000
3030,5,0,0,9000000,34300000,10,853,1,76700000
3031,1,0,1,7600000,18800000,14,403,0,60300000
3032,3,1,0,500000,1500000,6,392,0,4000000
3033,1,1,0,6300000,19000000,20,673,1,42900000
3034,0,1,1,3100000,7100000,10,498,0,21400000
3035,1,0,0,1100000,2600000,6,858,1,7000000
3036,4,1,1,3900000,14300000,20,477,0,17600000
3037,4,0,1,8700000,28200000,12,548,0,50000000
3038,4,0,1,6400000,23900000,6,300,0,59700000
3039,2,1,1,200000,800000,12,483,0,1200000
3040,1,1,0,2400000,5800000,20,384,0,15700000
3041,3,0,0,8900000,35200000,10,894,1,60200000
3042,3,0,0,6100000,14800000,10,492,0,34200000
3043,5,0,1,7600000,25700000,4,607,1,60500000
3044,3,0,0,900000,2400000,16,701,1,3100000
3045,2,0,1,7100000,19700000,20,890,1,44000000
3046,2,0,1,5000000,14600000,10,808,1,28300000
3047,4,1,1,2000000,7400000,20,596,1,10300000
3048,4,1,1,2600000,6200000,14,421,0,17000000
3049,2,1,1,7000000,14900000,20,495,0,42900000
3050,3,1,0,3900000,9800000,6,604,1,29200000
3051,3,1,0,8400000,32600000,4,509,1,76400000
3052,0,1,1,200000,600000,8,852,1,1100000
3053,2,0,1,1900000,6700000,16,893,1,17100000
3054,2,0,1,9200000,33000000,14,874,1,51400000
3055,3,0,1,300000,500000,6,386,0,2300000
3056,5,1,0,6300000,18100000,4,590,1,47300000
3057,2,0,0,6100000,23500000,14,510,0,34300000
3058,3,1,1,7800000,25600000,6,523,0,50700000
3059,0,1,1,2000000,6700000,8,461,0,16900000
3060,4,0,0,1900000,5600000,2,832,1,15500000
3061,2,0,1,3300000,9600000,18,896,1,27800000
3062,0,0,1,9500000,26000000,2,732,1,67800000
3063,0,1,1,3500000,13900000,16,301,0,21800000
3064,5,1,0,4400000,15800000,4,701,1,31600000
3065,2,0,0,2000000,4000000,14,502,0,13100000
3066,3,0,0,9200000,19500000,12,742,1,61400000
3067,1,0,0,2200000,5000000,2,755,1,13500000
3068,1,0,0,1900000,7100000,2,834,1,13400000
3069,5,1,1,8700000,18400000,12,394,0,58600000
3070,3,1,1,9700000,19700000,4,663,1,60300000
3071,3,1,0,9400000,20300000,10,649,1,72400000
3072,4,0,1,8000000,23200000,14,738,1,48300000
3073,5,0,0,1000000,2000000,4,524,0,7400000
3074,5,0,0,5300000,14600000,16,855,1,24400000
3075,3,1,1,1400000,5400000,20,304,0,6700000
3076,2,1,1,1600000,3800000,12,532,0,11100000
3077,3,1,1,3400000,8500000,6,584,1,19400000
3078,3,1,0,7800000,28700000,4,447,1,48100000
3079,4,0,0,7100000,19900000,14,852,1,35200000
3080,1,0,1,6000000,13100000,2,368,0,30700000
3081,3,0,1,8200000,28900000,10,447,0,55300000
3082,4,1,0,3900000,11400000,20,867,1,21700000
3083,5,0,1,8400000,17600000,12,397,0,60300000
3084,4,1,0,9700000,19400000,20,798,1,53200000
3085,1,0,1,8300000,26300000,20,530,0,75000000
3086,4,1,0,2500000,9900000,16,356,0,16500000
3087,3,1,0,6100000,24000000,18,718,1,30900000
3088,3,0,0,5000000,13000000,10,459,0,31700000
3089,3,0,0,9500000,22200000,8,571,1,47900000
3090,2,1,0,5700000,20500000,8,412,0,36200000
3091,1,1,1,5000000,12500000,20,604,1,23800000
3092,4,0,1,8600000,20600000,16,449,0,55500000
3093,5,0,0,1400000,5300000,12,778,1,7400000
3094,3,1,0,5900000,21200000,16,476,0,39000000
3095,4,1,1,4100000,10400000,12,727,1,38600000
3096,3,1,0,7400000,18500000,8,818,1,55600000
3097,1,1,1,7100000,19300000,16,738,1,35100000
3098,5,1,1,5300000,18200000,16,546,0,39900000
3099,2,0,0,6600000,14100000,2,471,0,48900000
3100,3,0,0,2800000,10600000,4,860,1,19500000
3101,1,0,1,1600000,4400000,4,364,0,9900000
3102,0,1,1,8500000,25300000,20,557,1,49100000
3103,1,0,1,5200000,20700000,12,612,1,24500000
3104,2,0,1,6400000,19300000,6,414,0,32000000
3105,5,1,0,1300000,2900000,4,372,0,5200000
3106,0,1,0,5600000,11600000,12,466,0,51700000
3107,3,1,1,9000000,19800000,20,348,0,49100000
3108,1,0,1,7800000,17200000,4,597,1,42300000
3109,4,0,1,4000000,11000000,8,791,1,18500000
3110,0,1,1,700000,1800000,12,400,0,5100000
3111,5,1,1,7300000,18700000,16,813,1,40600000
3112,0,0,1,5200000,15400000,4,675,1,39800000
3113,1,0,0,6200000,18200000,18,324,0,37700000
3114,4,1,0,1100000,3600000,8,693,1,9000000
3115,1,0,1,5600000,13700000,8,491,0,36500000
3116,5,1,1,3400000,9800000,8,559,1,16900000
3117,4,1,0,1500000,4900000,16,392,0,7900000
3118,2,0,0,5800000,18600000,18,532,0,30800000
3119,4,0,0,9800000,29400000,8,592,1,90700000
3120,5,0,0,8300000,23100000,4,459,0,53700000
3121,4,1,1,500000,1200000,4,627,1,3000000
3122,4,1,0,1900000,6100000,2,462,1,13300000
3123,1,0,1,9700000,24700000,14,600,1,69800000
3124,5,0,0,1800000,6200000,18,366,0,13500000
3125,0,1,1,3300000,9700000,14,356,0,25900000
3126,5,1,0,900000,2300000,16,590,1,5700000
3127,5,1,1,8200000,28900000,4,485,1,45700000
3128,1,0,1,500000,1700000,18,617,1,2400000
3129,5,1,1,1000000,2600000,8,664,1,6500000
3130,3,0,0,7100000,27900000,8,583,1,42400000
3131,1,1,1,200000,400000,18,859,1,1000000
3132,2,1,0,3100000,7300000,14,504,0,11900000
3133,4,1,0,700000,2300000,16,688,1,4100000
3134,3,0,0,1800000,5700000,2,422,1,10800000
3135,3,0,1,8400000,27000000,8,746,1,62900000
3136,3,1,0,7400000,17500000,20,317,0,68200000
3137,2,0,1,6700000,20200000,6,701,1,43100000
3138,1,1,1,1700000,6000000,16,754,1,13600000
3139,3,0,1,300000,600000,10,515,0,1700000
3140,1,1,1,3800000,8800000,12,670,1,25900000
3141,5,1,1,1300000,4000000,8,407,0,9700000
3142,5,0,1,3100000,10900000,12,884,1,26200000
3143,1,1,1,200000,400000,20,882,1,800000
3144,2,0,1,8100000,24700000,6,595,1,53600000
3145,1,0,1,8900000,22900000,4,757,1,45400000
3146,5,1,1,4200000,8500000,4,386,0,29800000
3147,5,0,1,4100000,11100000,18,756,1,18500000
3148,3,0,0,8300000,25700000,12,453,0,64700000
3149,3,0,0,7500000,25200000,8,316,0,29100000
3150,3,1,0,2100000,7700000,6,703,1,14200000
3151,3,1,0,1400000,3200000,8,753,1,9800000
3152,0,0,0,6900000,23500000,2,621,1,47600000
3153,0,1,1,2500000,9100000,10,852,1,18600000
3154,3,0,1,3800000,9400000,12,301,0,30500000
3155,3,0,1,7700000,29300000,10,359,0,39000000
3156,1,0,0,3200000,6600000,16,534,0,19700000
3157,0,0,1,8600000,20000000,10,704,1,76500000
3158,3,0,1,3800000,13700000,16,662,1,22900000
3159,3,1,0,8400000,31100000,18,599,1,63700000
3160,1,1,0,1600000,5400000,4,319,1,12200000
3161,2,0,0,7800000,19400000,16,549,0,62900000
3162,1,1,1,9400000,21000000,12,443,0,45600000
3163,3,0,1,9900000,26700000,10,550,1,81500000
3164,4,0,0,2400000,8000000,18,393,0,10700000
3165,2,1,1,7500000,15100000,8,488,0,55000000
3166,5,1,0,3300000,11800000,16,845,1,19300000
3167,2,1,0,5500000,19000000,2,382,1,36800000
3168,5,0,0,2400000,7500000,12,357,0,12900000
3169,1,0,1,8700000,27500000,16,815,1,50900000
3170,1,0,0,9600000,26000000,16,368,0,73400000
3171,0,1,0,8400000,19800000,16,674,1,50800000
3172,5,0,0,9200000,23900000,10,335,0,67200000
3173,2,1,1,4600000,12600000,2,355,0,34500000
3174,5,0,0,7600000,17500000,6,510,0,38100000
3175,4,1,0,8500000,17800000,4,698,1,47600000
3176,4,0,1,3100000,8200000,18,408,0,20600000
3177,3,1,1,4900000,13100000,18,401,0,29800000
3178,5,0,1,5800000,14000000,14,418,0,36200000
3179,0,0,0,5700000,21300000,4,697,1,35300000
3180,4,1,0,3200000,12200000,14,683,0,11400000
3181,4,0,1,8000000,31500000,16,763,1,50200000
3182,4,0,0,5000000,11400000,6,336,0,23600000
3183,2,0,1,2900000,8300000,10,693,1,23400000
3184,2,0,0,6400000,23900000,18,745,1,42100000
3185,5,1,0,6300000,22500000,18,629,1,35300000
3186,0,0,0,5900000,23300000,16,581,1,31000000
3187,1,1,0,8100000,29600000,4,672,1,39800000
3188,5,1,1,7100000,20100000,4,700,1,39900000
3189,1,0,0,1400000,4400000,14,787,1,7800000
3190,3,1,1,2300000,8000000,8,300,0,16500000
3191,1,1,0,7400000,16100000,4,655,1,64500000
3192,0,1,1,5300000,13300000,12,572,1,31800000
3193,5,1,1,7700000,16400000,2,663,1,35600000
3194,0,0,0,5000000,10700000,16,726,1,23200000
3195,5,0,1,6000000,12300000,12,680,1,37800000
3196,0,1,0,1400000,2700000,2,685,1,10900000
3197,5,0,1,9400000,23100000,6,762,1,51500000
3198,3,0,0,5200000,17200000,18,768,1,30200000
3199,0,1,0,3100000,11100000,8,504,0,21300000
3200,3,0,1,8400000,20500000,12,796,1,62200000
3201,0,0,0,1200000,2900000,18,348,0,5100000
3202,5,0,1,4800000,13100000,6,717,1,38300000
3203,5,0,1,9200000,34200000,4,565,1,50300000
3204,2,0,0,5300000,10900000,6,647,1,40000000
3205,3,1,0,4700000,10900000,2,626,1,31300000
3206,0,0,0,6500000,24700000,6,554,1,36100000
3207,4,1,1,3200000,11500000,20,864,1,29900000
3208,4,1,0,4600000,12500000,6,406,0,31800000
3209,5,1,0,700000,1800000,10,650,1,3200000
3210,5,0,1,7600000,16500000,8,534,0,52400000
3211,4,1,0,1200000,2600000,8,872,1,7300000
3212,2,1,0,5100000,16500000,12,845,1,38200000
3213,1,0,1,4300000,16300000,14,792,0,15000000
3214,4,1,0,300000,1200000,18,544,0,1700000
3215,2,1,1,4000000,13000000,10,552,1,24300000
3216,5,0,0,3900000,14900000,12,837,1,19600000
3217,0,0,1,6900000,21300000,18,845,1,51000000
3218,4,0,1,7000000,24100000,10,677,1,52700000
3219,1,1,0,6300000,18300000,20,430,0,46500000
3220,3,1,1,8900000,22500000,12,887,1,77100000
3221,0,0,1,5700000,19400000,8,544,0,36400000
3222,4,0,1,5200000,18300000,10,355,0,18200000
3223,4,1,0,7400000,17500000,4,540,0,37900000
3224,5,1,0,6500000,16000000,14,444,0,40000000
3225,3,1,0,6200000,14900000,14,567,1,39900000
3226,5,0,1,2400000,6500000,20,513,0,16300000
3227,0,0,0,2500000,7100000,10,590,1,13500000
3228,2,1,1,2700000,8500000,20,368,0,17400000
3229,5,0,0,3000000,7600000,6,413,0,18900000
3230,4,1,1,6100000,13600000,4,401,0,37100000
3231,3,1,0,1500000,5400000,18,687,1,6800000
3232,2,1,0,6500000,14100000,14,577,1,45600000
3233,4,0,0,200000,700000,10,576,1,1300000
3234,1,0,0,9900000,23400000,16,687,1,69700000
3235,4,1,0,5500000,11600000,12,474,0,29900000
3236,4,1,0,1200000,4400000,6,709,1,10900000
3237,4,1,1,6900000,20200000,18,438,0,48300000
3238,3,1,1,8000000,25300000,4,306,1,60600000
3239,3,0,1,4100000,13900000,20,383,0,23800000
3240,2,1,0,1400000,4700000,20,563,1,6900000
3241,4,0,1,1600000,3200000,20,371,0,9500000
3242,1,1,0,2100000,4200000,12,379,0,15400000
3243,1,0,0,8800000,30200000,18,897,1,64800000
3244,3,0,1,7100000,25400000,10,725,1,50500000
3245,1,0,0,8600000,31500000,16,678,1,60600000
3246,2,0,1,5400000,14800000,6,724,1,19900000
3247,3,1,1,1000000,2500000,6,808,1,6000000
3248,0,1,0,5400000,18400000,8,625,1,32900000
3249,2,1,0,4200000,16800000,4,771,1,27300000
3250,2,0,0,7500000,22400000,14,695,1,36700000
3251,4,1,0,1200000,3300000,2,564,1,8500000
3252,4,1,1,6300000,14500000,10,349,0,38300000
3253,4,1,1,300000,900000,4,797,1,1700000
3254,3,1,0,7400000,28800000,8,391,0,58700000
3255,5,0,0,2200000,5400000,12,833,1,16800000
3256,5,1,0,4000000,9100000,10,515,0,22400000
3257,4,1,1,2700000,10400000,16,671,1,19400000
3258,0,0,1,2000000,6900000,4,404,1,13700000
3259,4,0,0,6400000,14800000,6,537,0,31100000
3260,5,0,1,1400000,5100000,4,348,1,8300000
3261,0,0,1,2800000,6300000,12,647,1,15100000
3262,2,0,1,8200000,28700000,14,316,0,61400000
3263,3,0,0,9000000,26700000,14,638,1,41800000
3264,5,0,1,800000,2100000,12,363,0,6200000
3265,4,0,1,6100000,21200000,6,808,1,36300000
3266,4,0,1,2400000,9400000,2,871,1,14600000
3267,4,1,1,6000000,17000000,12,607,1,44500000
3268,2,0,1,7900000,22500000,6,571,1,39400000
3269,3,1,1,9500000,25700000,18,446,0,69900000
3270,3,0,1,1800000,6400000,20,436,0,10100000
3271,3,0,1,5800000,14100000,12,738,1,39900000
3272,3,1,0,2800000,9400000,10,519,0,19700000
3273,3,1,1,4000000,8300000,8,531,0,32200000
3274,1,0,0,1000000,3400000,18,578,1,7000000
3275,0,1,0,9100000,21100000,20,578,1,51400000
3276,0,1,0,4600000,18100000,14,442,0,21900000
3277,2,0,0,7800000,16900000,6,751,1,55800000
3278,4,1,1,6600000,18800000,10,353,0,52200000
3279,5,0,0,9800000,26600000,12,664,1,44700000
3280,1,1,0,7400000,26600000,18,505,0,30900000
3281,3,1,1,4300000,16600000,10,571,1,28000000
3282,2,0,1,9800000,34600000,16,754,1,68100000
3283,5,0,0,1100000,3900000,20,858,1,9300000
3284,3,1,1,8600000,21800000,20,641,1,47200000
3285,0,0,1,9400000,35500000,16,592,1,57400000
3286,3,1,1,5300000,20300000,14,432,0,38100000
3287,1,0,1,8700000,33800000,18,558,1,67200000
3288,3,1,1,4800000,14200000,12,547,0,23300000
3289,4,0,0,4400000,9800000,18,732,1,24300000
3290,1,1,1,5400000,19300000,12,784,1,33600000
3291,5,0,1,8400000,31900000,10,605,1,60300000
3292,1,1,1,5400000,19500000,18,688,1,33400000
3293,3,0,1,9400000,32100000,10,617,1,69300000
3294,0,0,1,800000,2400000,4,518,1,4600000
3295,0,0,0,3800000,14800000,10,390,0,25700000
3296,4,1,0,3100000,6300000,4,370,0,24300000
3297,3,0,1,6000000,21300000,4,802,1,38500000
3298,2,0,1,6800000,15500000,12,338,0,41400000
3299,5,0,0,5200000,11700000,6,658,1,30200000
3300,0,0,0,1900000,6700000,12,595,1,12800000
3301,5,1,1,3600000,8500000,20,594,1,22700000
3302,3,1,1,1500000,4100000,14,611,1,9500000
3303,3,0,0,2000000,5800000,8,799,1,12600000
3304,5,1,0,9200000,18600000,20,497,0,36200000
3305,0,0,1,6100000,15900000,18,456,0,51600000
3306,5,0,0,300000,500000,8,396,0,2100000
3307,1,1,0,800000,2300000,10,770,1,5800000
3308,0,0,0,3300000,9000000,16,797,1,23000000
3309,1,0,0,5800000,18700000,20,586,1,38700000
3310,5,0,0,8500000,23400000,16,604,1,70900000
3311,0,0,1,4100000,12800000,8,799,1,16500000
3312,2,1,0,7800000,26400000,4,763,1,33900000
3313,0,1,0,7500000,23000000,14,725,1,41000000
3314,2,1,0,2300000,8800000,18,336,0,9300000
3315,4,1,1,600000,2300000,6,495,0,4600000
3316,1,0,0,2900000,11500000,20,431,0,16400000
3317,5,0,0,900000,2200000,2,415,0,5900000
3318,5,1,1,9000000,20400000,6,451,0,53800000
3319,1,0,0,4800000,14300000,4,489,0,41600000
3320,1,1,0,1600000,4600000,12,415,0,6800000
3321,3,0,0,2600000,8100000,12,425,0,18200000
3322,4,1,1,1800000,4600000,14,453,0,10400000
3323,5,1,1,4400000,11800000,20,634,1,32700000
3324,2,0,0,200000,300000,20,519,0,700000
3325,4,0,1,800000,2100000,6,353,0,5100000
3326,3,1,0,1500000,3200000,4,767,1,7500000
3327,0,0,1,7700000,16900000,14,473,0,61500000
3328,5,1,1,7200000,21300000,2,801,1,39200000
3329,4,1,0,1000000,2300000,16,543,0,3300000
3330,1,1,0,6300000,17200000,12,714,1,47500000
3331,3,1,0,1900000,4100000,12,830,1,13100000
3332,5,1,0,4400000,15300000,4,401,1,25500000
3333,0,0,0,9100000,26400000,6,518,0,57900000
3334,2,1,1,900000,2300000,20,367,0,5900000
3335,0,1,1,4600000,12000000,12,493,0,25000000
3336,2,1,1,9400000,22700000,14,505,0,57100000
3337,5,1,0,6900000,26500000,16,322,0,56800000
3338,2,1,0,300000,900000,8,735,1,1800000
3339,5,1,1,1900000,6700000,2,622,1,10000000
3340,4,1,1,4400000,16400000,6,513,0,31700000
3341,4,0,1,1200000,4100000,16,585,1,5000000
3342,1,1,1,1000000,3000000,10,813,1,7500000
3343,0,1,0,3100000,10400000,18,622,1,15100000
3344,1,1,1,2100000,6300000,16,899,1,11200000
3345,0,0,0,2100000,4700000,2,459,0,14600000
3346,4,1,0,9400000,33300000,18,369,0,65600000
3347,2,0,0,9700000,37700000,6,601,1,39000000
3348,4,1,0,1400000,2700000,18,703,1,8200000
3349,2,0,0,4700000,14600000,20,597,1,35100000
3350,3,0,1,4100000,13300000,10,670,1,26700000
3351,4,0,1,1200000,2800000,6,366,0,9200000
3352,5,0,0,7900000,27800000,16,857,1,63600000
3353,2,0,0,6600000,15000000,16,401,0,47000000
3354,0,0,0,2200000,8800000,4,437,1,14200000
3355,3,0,0,5500000,17600000,8,882,1,37000000
3356,4,1,0,5100000,15500000,8,392,0,35100000
3357,2,0,1,3900000,7700000,10,421,0,33400000
3358,5,1,0,200000,400000,6,722,1,1100000
3359,4,1,0,5800000,14700000,10,692,1,34000000
3360,5,0,0,8300000,20700000,2,537,0,50200000
3361,5,1,1,2600000,5500000,8,676,1,16000000
3362,1,1,0,2100000,8100000,6,817,1,15300000
3363,4,0,0,3900000,10800000,20,433,0,23100000
3364,1,1,1,5200000,16300000,6,524,0,39700000
3365,3,0,1,7800000,24400000,20,490,0,33600000
3366,3,0,1,5400000,14300000,4,595,1,31100000
3367,2,0,0,2900000,11000000,2,835,1,21000000
3368,4,1,0,7100000,28300000,6,850,1,48400000
3369,1,1,1,800000,2500000,4,409,1,6300000
3370,5,1,1,3400000,12800000,10,760,1,29700000
3371,1,1,1,6800000,17600000,14,344,0,36900000
3372,4,1,1,7000000,27100000,12,881,1,44400000
3373,0,1,1,9300000,24500000,10,600,1,58900000
3374,2,1,0,7500000,19900000,10,790,1,42300000
3375,3,1,1,8000000,31200000,20,392,0,37700000
3376,5,1,1,1600000,4100000,2,748,1,7600000
3377,1,1,1,6700000,18800000,6,798,1,38700000
3378,3,0,0,3800000,11400000,4,323,1,23800000
3379,1,0,1,2700000,5400000,6,413,0,15000000
3380,3,1,0,1300000,2900000,8,733,1,11300000
3381,4,0,0,3400000,10500000,16,543,0,23200000
3382,3,1,0,3400000,10900000,14,757,1,17700000
3383,5,1,1,2400000,6800000,8,464,0,14600000
3384,0,0,0,1900000,6900000,4,749,1,12300000
3385,4,1,0,700000,2200000,6,680,1,3300000
3386,1,0,0,6900000,20900000,4,574,1,35200000
3387,5,1,1,300000,800000,18,774,1,1900000
3388,3,0,0,6000000,18700000,10,387,0,42800000
3389,1,0,0,4300000,16400000,20,397,0,28800000
3390,4,1,0,5800000,13500000,14,816,1,51400000
3391,2,1,1,3300000,6700000,8,845,1,21400000
3392,2,0,0,400000,1500000,4,743,1,2700000
3393,5,0,0,300000,600000,4,418,0,1600000
3394,1,0,0,4200000,10700000,6,466,0,33100000
3395,2,0,1,600000,2300000,12,335,0,2900000
3396,5,0,1,4400000,15200000,6,446,0,34200000
3397,0,1,1,9200000,29400000,2,868,1,60300000
3398,2,1,1,6900000,25300000,4,763,1,39400000
3399,5,0,1,5100000,13700000,14,527,0,45100000
3400,4,1,0,3400000,12700000,2,741,1,20800000
3401,4,0,1,8600000,26800000,12,802,1,54000000
3402,3,0,1,9200000,28900000,8,538,0,59500000
3403,5,1,1,4800000,16300000,4,523,1,23900000
3404,4,0,0,2800000,8300000,14,381,0,14900000
3405,1,1,1,3400000,7000000,4,534,0,21700000
3406,5,0,1,800000,2200000,14,574,1,6200000
3407,1,0,0,4100000,11100000,6,405,0,29800000
3408,0,0,0,1900000,3800000,16,542,0,7400000
3409,5,1,1,6700000,25400000,14,820,1,40800000
3410,0,1,0,5200000,13400000,2,505,0,46500000
3411,3,1,1,6700000,16400000,2,508,0,49800000
3412,1,0,1,4700000,15000000,20,835,1,18500000
3413,0,0,0,6000000,22000000,12,826,1,24500000
3414,5,0,1,6500000,18900000,12,427,0,33000000
3415,3,1,0,500000,2000000,12,890,1,3700000
3416,4,0,0,5700000,13300000,2,333,0,32400000
3417,4,0,1,6800000,20000000,12,679,1,64600000
3418,5,0,0,3100000,12300000,18,805,1,15700000
3419,3,0,0,5100000,11000000,16,826,1,30300000
3420,1,0,1,6300000,23900000,10,844,1,42500000
3421,5,1,1,4400000,14100000,10,663,1,30300000
3422,1,0,0,8100000,21900000,6,884,1,54600000
3423,1,0,0,1100000,3700000,2,508,1,3700000
3424,0,1,1,2400000,6900000,4,581,1,19000000
3425,3,1,1,7000000,26300000,12,481,0,52100000
3426,1,1,1,8700000,30000000,12,543,0,77900000
3427,0,0,1,3500000,12600000,10,448,0,17700000
3428,1,1,1,1600000,5300000,4,713,1,9000000
3429,5,0,1,7800000,17300000,16,493,0,30900000
3430,2,0,0,3700000,9200000,10,819,1,23800000
3431,4,1,0,400000,1400000,18,827,1,1400000
3432,0,0,0,4800000,15700000,10,398,0,35800000
3433,0,1,1,2900000,7500000,18,692,1,15000000
3434,5,1,1,5000000,14600000,18,509,0,39000000
3435,0,1,1,7600000,18100000,16,439,0,59100000
3436,1,1,0,3000000,9400000,4,622,1,15700000
3437,3,0,1,200000,700000,18,526,0,1000000
3438,5,0,1,6800000,19000000,8,865,1,48000000
3439,5,0,1,9700000,27400000,2,328,0,48300000
3440,0,1,1,1200000,4200000,4,768,1,9300000
3441,5,0,1,7400000,24000000,16,854,1,40300000
3442,4,1,0,6900000,20800000,4,839,1,28500000
3443,0,0,1,9100000,23300000,18,414,0,60400000
3444,0,1,1,1300000,4700000,16,530,0,8800000
3445,3,1,0,6600000,14600000,10,841,1,48200000
3446,3,0,1,1800000,5700000,14,670,1,14600000
3447,5,0,1,8200000,20900000,14,726,1,50600000
3448,4,0,0,2800000,8300000,14,352,0,18300000
3449,1,1,1,7000000,16000000,4,554,1,56100000
3450,4,1,0,700000,1800000,18,728,1,4500000
3451,0,0,0,7400000,25500000,6,463,0,43100000
3452,5,0,1,2300000,5000000,10,431,0,15600000
3453,1,1,1,600000,1900000,8,445,0,3200000
3454,5,1,0,1000000,3000000,4,896,1,7000000
3455,1,0,1,2200000,5200000,8,420,0,10300000
3456,1,0,0,8000000,30900000,2,315,1,51500000
3457,4,0,0,8600000,20900000,10,867,1,65100000
3458,3,0,1,7500000,26000000,2,342,1,53900000
3459,5,0,1,5200000,11800000,18,711,1,39400000
3460,2,0,0,7900000,20900000,2,723,1,26900000
3461,1,1,1,4200000,11300000,4,704,1,26400000
3462,0,1,0,6500000,20200000,16,842,1,44400000
3463,0,1,1,7400000,15200000,12,600,1,37600000
3464,3,0,0,9100000,25600000,12,688,1,64200000
3465,0,0,0,800000,2300000,16,739,1,4800000
3466,1,1,1,800000,2800000,10,798,1,5500000
3467,5,1,1,4100000,9900000,4,319,0,32500000
3468,5,1,1,4200000,8700000,6,583,1,17800000
3469,3,1,1,4800000,11500000,12,535,0,32600000
3470,3,0,1,8300000,25900000,8,696,1,57200000
3471,4,0,0,7600000,23900000,8,672,1,31000000
3472,4,1,0,5100000,12300000,20,410,0,42700000
3473,5,1,0,3600000,11600000,14,546,0,25600000
3474,3,0,1,5400000,16800000,16,550,1,37500000
3475,5,0,0,700000,1400000,4,344,0,5200000
3476,2,0,1,9800000,38200000,10,743,1,49800000
3477,4,1,0,9700000,36400000,4,772,1,76700000
3478,0,1,1,9400000,29900000,12,302,0,57700000
3479,3,1,1,3200000,9100000,18,376,0,16000000
3480,0,1,1,3700000,11600000,10,747,1,17000000
3481,2,1,1,4200000,15800000,6,710,1,33200000
3482,2,0,0,7000000,24200000,6,892,1,51700000
3483,3,0,0,3200000,11500000,16,492,0,20700000
3484,5,1,0,7900000,17700000,2,559,1,56800000
3485,3,0,0,2200000,8300000,18,314,0,9800000
3486,0,1,1,2700000,8400000,6,744,1,14800000
3487,5,0,0,6800000,18000000,12,690,1,63900000
3488,3,1,1,6300000,23300000,4,347,1,59700000
3489,5,1,1,9000000,31400000,2,677,1,52200000
3490,1,1,0,4700000,15700000,4,468,1,38200000
3491,2,0,0,8100000,17500000,4,674,1,56000000
3492,2,0,0,9000000,27300000,14,353,0,61100000
3493,4,0,0,3800000,14100000,8,727,1,22400000
3494,4,0,1,8800000,22200000,10,512,0,52600000
3495,3,0,1,8700000,27200000,18,454,0,61300000
3496,5,0,0,5000000,12400000,14,315,0,37000000
3497,0,0,1,6000000,22700000,10,480,0,34500000
3498,2,1,1,9100000,24200000,16,685,1,67700000
3499,1,1,0,7400000,17900000,6,460,0,34800000
3500,1,0,1,8300000,28400000,16,704,1,41400000
3501,1,1,1,7600000,23900000,12,692,1,44700000
3502,1,0,1,3500000,9600000,4,398,0,20200000
3503,5,1,1,1000000,3500000,18,882,1,4900000
3504,5,1,1,9900000,25900000,4,860,1,51400000
3505,2,1,1,5700000,15100000,18,330,0,32500000
3506,5,1,0,700000,2400000,16,447,0,5400000
3507,0,0,1,9600000,23800000,12,788,1,55900000
3508,1,0,0,9300000,28900000,6,526,0,43400000
3509,0,1,0,9500000,28400000,18,577,1,60800000
3510,4,1,1,8700000,23400000,16,372,0,50300000
3511,5,1,1,7300000,21000000,14,759,1,54600000
3512,3,1,1,4100000,12700000,10,465,0,25600000
3513,2,1,0,2900000,10200000,4,789,1,15000000
3514,3,1,1,7500000,17900000,2,680,1,50100000
3515,1,1,0,7900000,25700000,20,681,1,44800000
3516,1,1,1,6900000,22300000,16,673,1,47800000
3517,0,0,0,6900000,22900000,10,313,0,49100000
3518,0,0,0,4800000,18800000,16,551,1,40100000
3519,5,1,1,7700000,24400000,8,453,0,41100000
3520,3,0,0,6900000,22700000,4,650,1,36200000
3521,1,0,0,1200000,4500000,4,439,1,9100000
3522,1,1,0,2900000,9600000,4,658,1,22200000
3523,4,1,1,5500000,18900000,6,379,0,44600000
3524,4,1,1,3200000,10700000,4,450,1,20300000
3525,5,0,0,2600000,8200000,4,849,1,21000000
3526,0,1,0,500000,1600000,18,865,1,3000000
3527,0,1,0,1800000,6900000,10,853,0,6700000
3528,0,0,0,1300000,4900000,12,555,1,9400000
3529,1,0,0,9900000,20700000,20,821,1,70100000
3530,0,0,0,2000000,4700000,2,820,1,14300000
3531,1,0,0,5100000,15300000,4,721,1,34300000
3532,4,1,1,8200000,24000000,20,831,1,56200000
3533,5,0,0,4200000,12600000,18,571,1,30000000
3534,2,0,1,1300000,4900000,8,582,1,9000000
3535,1,0,1,4600000,13600000,18,487,0,40600000
3536,1,0,0,6600000,19700000,12,758,1,48700000
3537,2,1,1,8300000,30100000,16,636,1,50600000
3538,0,1,0,6900000,20700000,16,857,1,54200000
3539,4,1,1,4700000,12500000,8,678,1,30700000
3540,1,1,0,7900000,15800000,8,551,1,31300000
3541,3,0,0,8800000,24900000,16,668,1,74400000
3542,1,1,0,6500000,23400000,2,672,1,39700000
3543,3,0,0,3500000,13700000,4,439,1,25400000
3544,2,0,1,8200000,19600000,16,636,1,53300000
3545,0,0,1,2000000,6000000,14,393,0,11700000
3546,5,0,0,2700000,8200000,2,848,1,15700000
3547,0,1,1,5300000,17600000,4,790,1,39600000
3548,2,0,0,9900000,19900000,6,312,0,66000000
3549,2,0,1,5000000,19500000,14,775,1,24200000
3550,2,0,0,9100000,18600000,20,403,0,59600000
3551,3,0,1,7600000,26400000,14,867,1,45200000
3552,0,1,0,5200000,17800000,18,558,1,29800000
3553,5,1,0,1800000,6000000,4,548,1,12900000
3554,0,0,0,7300000,28200000,16,486,0,48200000
3555,4,1,0,3200000,11600000,6,635,1,18300000
3556,5,1,0,5200000,20700000,2,538,1,23400000
3557,4,0,0,7100000,28200000,14,496,0,49500000
3558,4,1,1,1400000,4800000,6,411,0,7700000
3559,4,0,0,2700000,10700000,6,857,1,22600000
3560,5,1,1,6500000,18100000,10,360,0,52600000
3561,4,1,0,9300000,35900000,18,461,0,60100000
3562,0,1,1,6700000,14900000,16,638,1,40600000
3563,5,1,0,6800000,19300000,6,865,1,44100000
3564,5,0,0,5600000,13600000,4,449,0,34700000
3565,1,0,1,1900000,4700000,2,870,1,13200000
3566,5,0,0,8400000,19500000,6,815,1,39000000
3567,2,0,1,2500000,7200000,16,454,0,14400000
3568,1,0,1,2900000,9900000,18,783,1,15000000
3569,3,1,1,3200000,7400000,2,543,0,23900000
3570,4,0,1,3000000,10900000,2,786,1,22100000
3571,3,1,1,800000,2500000,20,395,0,3900000
3572,2,0,1,400000,1300000,2,885,1,2100000
3573,2,0,0,4400000,10600000,20,488,0,31000000
3574,2,0,1,8700000,19900000,10,829,1,46600000
3575,4,0,0,7400000,15400000,6,677,1,71800000
3576,4,0,1,5700000,14400000,12,645,1,40700000
3577,5,0,1,9700000,27600000,10,788,1,54900000
3578,2,0,0,7000000,22400000,6,649,1,48800000
3579,2,0,0,8900000,23100000,4,519,0,53200000
3580,3,1,1,3100000,11200000,14,772,1,19600000
3581,4,1,0,2200000,6100000,12,330,0,15600000
3582,5,0,1,7100000,21500000,4,557,1,47300000
3583,4,1,1,8200000,19000000,6,334,0,70100000
3584,3,1,1,9800000,28400000,12,487,0,66200000
3585,2,1,1,3900000,9700000,8,539,0,25000000
3586,2,1,1,2200000,8100000,8,710,1,11700000
3587,5,0,1,600000,1700000,20,879,1,4200000
3588,4,0,1,6900000,22000000,10,512,0,39700000
3589,2,1,1,7400000,27300000,18,561,1,49700000
3590,3,0,1,4000000,11600000,6,539,0,25300000
3591,3,0,1,700000,2000000,18,544,0,4000000
3592,2,0,1,1900000,4600000,16,631,1,13100000
3593,2,1,0,2200000,6800000,20,546,0,11500000
3594,1,1,1,2000000,5600000,14,569,1,15600000
3595,4,0,0,7400000,17900000,6,384,0,52800000
3596,2,0,1,2300000,9000000,6,583,1,15200000
3597,5,0,1,4000000,15500000,12,517,0,16200000
3598,3,1,1,1500000,5800000,18,420,0,8200000
3599,2,0,1,5200000,12900000,18,644,1,24900000
3600,2,1,0,5400000,14500000,8,349,0,43300000
3601,3,1,0,7700000,25300000,18,662,1,43800000
3602,0,0,1,1900000,6400000,20,704,1,11500000
3603,4,0,1,6400000,15500000,2,324,0,47900000
3604,5,1,0,700000,1700000,18,757,1,4800000
3605,3,1,1,5800000,23000000,16,361,0,41900000
3606,1,1,0,1800000,5400000,4,415,1,13800000
3607,5,1,1,4300000,13800000,18,618,1,26800000
3608,4,1,0,8000000,27100000,8,524,0,61800000
3609,0,0,0,1100000,4100000,18,887,1,5600000
3610,2,0,1,8800000,31100000,12,729,1,46000000
3611,4,1,0,4800000,18600000,14,774,1,35800000
3612,0,0,1,200000,700000,20,724,1,1400000
3613,5,1,1,1400000,2700000,16,320,0,8100000
3614,5,1,0,2500000,6400000,16,590,1,16400000
3615,5,1,0,8100000,25300000,8,796,1,57800000
3616,0,1,1,6100000,19200000,6,890,1,44100000
3617,0,0,1,2000000,4600000,16,651,1,13300000
3618,4,0,0,4800000,10100000,12,634,1,31400000
3619,4,1,1,900000,2800000,2,660,1,5900000
3620,4,0,0,1300000,3500000,12,512,0,8600000
3621,4,0,1,4200000,9100000,2,900,1,28800000
3622,2,1,1,3300000,11100000,20,823,1,20700000
3623,2,0,1,8700000,28400000,12,880,1,33600000
3624,1,0,1,800000,2600000,2,439,1,2800000
3625,5,1,1,7400000,17100000,2,441,0,47700000
3626,3,0,0,6900000,18500000,6,360,0,42400000
3627,1,1,1,8800000,33700000,14,561,1,54900000
3628,2,1,1,8600000,32500000,4,758,1,46400000
3629,2,1,0,5400000,20600000,18,621,1,30500000
3630,4,1,1,2900000,5900000,18,621,1,15300000
3631,3,1,0,9800000,21000000,12,342,0,75900000
3632,4,1,0,3300000,10800000,4,552,1,17000000
3633,0,0,0,300000,500000,18,376,0,1400000
3634,0,1,0,1500000,4300000,12,801,1,11000000
3635,3,0,1,5400000,16300000,4,512,1,24100000
3636,0,1,0,6600000,15200000,18,497,0,32200000
3637,0,1,0,5700000,17200000,8,386,0,28600000
3638,3,0,1,8500000,26100000,2,683,1,46800000
3639,0,1,0,7400000,24100000,16,779,1,37500000
3640,3,0,1,7800000,17700000,6,876,1,66700000
3641,3,1,1,7200000,16500000,18,515,0,42000000
3642,2,0,0,7600000,19300000,12,463,0,32500000
3643,4,0,1,7000000,26700000,4,486,1,47600000
3644,0,0,0,5700000,13000000,6,328,0,44200000
3645,2,0,0,8200000,30600000,10,343,0,45200000
3646,0,1,1,9000000,27800000,8,712,1,37800000
3647,3,0,0,3900000,11900000,6,607,1,23400000
3648,0,1,0,6500000,16200000,4,812,1,54300000
3649,4,0,1,2300000,7700000,16,589,1,19000000
3650,1,0,0,5700000,21800000,18,657,1,42300000
3651,4,0,0,800000,2800000,12,453,0,5300000
3652,4,0,1,8400000,19700000,14,889,1,62300000
3653,1,1,1,4300000,17200000,4,564,1,30700000
3654,1,0,1,300000,900000,20,419,0,1700000
3655,1,1,0,8700000,34000000,16,663,1,42000000
3656,1,0,0,4400000,12100000,4,884,1,37300000
3657,1,1,1,5600000,16800000,16,528,0,30200000
3658,2,1,0,600000,1300000,12,475,0,4100000
3659,4,0,1,2500000,5100000,20,695,1,15400000
3660,5,0,0,3800000,10500000,10,759,1,21900000
3661,2,0,0,2500000,9600000,4,636,1,11200000
3662,3,0,1,5500000,20400000,10,546,0,36300000
3663,5,1,1,4500000,17100000,2,639,1,36600000
3664,4,0,0,1900000,4000000,10,388,0,8400000
3665,5,1,1,6400000,20000000,12,594,1,24200000
3666,1,0,1,3800000,11100000,6,760,1,18300000
3667,4,0,1,6300000,16900000,16,582,1,49300000
3668,3,0,0,300000,600000,6,896,1,1700000
3669,5,0,1,7100000,21800000,18,891,1,30600000
3670,2,0,1,600000,1700000,2,495,0,3600000
3671,3,1,1,4400000,15300000,16,865,1,28000000
3672,4,0,0,7600000,20800000,12,775,1,41100000
3673,5,1,1,8700000,26400000,10,318,0,47100000
3674,3,1,1,5600000,12700000,12,395,0,45900000
3675,4,0,0,4100000,13100000,14,772,1,29700000
3676,2,0,1,7900000,16100000,18,318,0,59400000
3677,3,0,1,5600000,20900000,14,649,1,35900000
3678,3,0,0,1200000,3100000,10,438,0,8600000
3679,5,1,0,6900000,19700000,6,588,1,41700000
3680,5,0,0,2700000,5600000,2,815,1,12800000
3681,4,1,1,9800000,22100000,4,364,0,61700000
3682,2,0,0,9300000,32300000,4,586,1,68100000
3683,4,0,0,6700000,25300000,12,555,1,48900000
3684,4,1,0,1300000,4600000,10,312,0,6300000
3685,2,1,1,7900000,17100000,16,605,1,65600000
3686,5,0,0,6700000,23200000,18,672,1,34500000
3687,2,0,1,2100000,4500000,18,591,1,10000000
3688,4,1,1,4700000,11000000,4,321,0,26700000
3689,2,1,0,3700000,13400000,16,393,0,24700000
3690,0,1,1,5800000,21800000,2,561,1,30800000
3691,5,1,1,2400000,6900000,20,725,1,13300000
3692,1,0,1,8100000,27600000,16,438,0,51700000
3693,5,1,1,5400000,21400000,12,399,0,32900000
3694,0,1,0,1400000,5400000,8,592,1,9600000
3695,2,0,0,2500000,8600000,8,835,1,15500000
3696,0,0,1,1600000,5300000,4,733,1,9100000
3697,0,0,0,3700000,10600000,20,484,0,24500000
3698,5,0,1,500000,1800000,20,615,1,2600000
3699,3,0,1,5300000,19500000,4,591,1,45600000
3700,0,1,1,2800000,6800000,12,349,0,18600000
3701,1,1,1,9600000,29900000,18,478,0,81300000
3702,4,1,0,2200000,7800000,20,633,1,14200000
3703,1,0,1,8400000,30900000,8,378,0,56600000
3704,1,0,0,2100000,5300000,20,461,0,15100000
3705,2,0,1,2800000,7000000,2,834,1,12800000
3706,0,0,0,2500000,5800000,20,671,1,17400000
3707,3,1,1,1700000,5800000,10,524,0,14400000
3708,3,1,0,6100000,20700000,4,816,1,50400000
3709,3,1,0,4100000,11700000,10,729,1,30600000
3710,5,0,1,4500000,12700000,8,307,0,30100000
3711,2,1,1,5600000,19100000,8,350,0,22300000
3712,3,0,1,5800000,16600000,10,444,0,42700000
3713,4,0,0,8600000,26700000,10,895,1,40500000
3714,2,1,0,2900000,10500000,20,708,1,16800000
3715,2,0,1,8300000,17600000,2,355,0,36900000
3716,5,0,0,2400000,5100000,6,756,1,10400000
3717,4,1,0,5600000,12000000,4,719,1,26400000
3718,1,1,1,9500000,35400000,14,439,0,35300000
3719,4,0,1,4900000,15900000,10,668,1,36800000
3720,4,0,1,5900000,16500000,2,765,1,45900000
3721,5,1,1,500000,1500000,4,476,1,2200000
3722,3,1,0,7000000,21700000,14,781,1,42800000
3723,1,0,0,3500000,12700000,4,350,1,26700000
3724,0,1,0,5200000,12200000,16,783,1,23500000
3725,3,1,1,6300000,19900000,12,770,1,22900000
3726,2,0,0,8400000,28300000,10,822,1,55200000
3727,1,0,1,7500000,22500000,14,469,0,42600000
3728,2,1,0,3300000,13000000,16,300,0,21900000
3729,2,0,0,8800000,22400000,14,692,1,56300000
3730,5,1,0,200000,700000,18,707,1,700000
3731,5,0,1,8000000,29100000,4,658,1,52600000
3732,3,1,0,1000000,4000000,6,625,1,4100000
3733,1,1,0,9400000,26700000,10,343,0,51900000
3734,5,1,0,2100000,7300000,18,358,0,16300000
3735,4,1,1,5400000,11500000,20,705,1,38000000
3736,2,1,1,4700000,15100000,8,799,1,27600000
3737,3,1,0,8800000,33700000,12,397,0,64300000
3738,5,1,0,3200000,12200000,6,493,0,22700000
3739,0,1,1,7200000,21900000,4,446,1,60700000
3740,2,0,1,2500000,7200000,16,315,0,16500000
3741,5,0,1,6900000,15700000,14,887,1,48800000
3742,5,1,1,5700000,20500000,16,429,0,31000000
3743,4,1,1,5500000,15100000,18,673,1,39600000
3744,4,0,1,9200000,29100000,10,731,1,63600000
3745,5,1,1,5700000,11500000,2,732,1,40400000
3746,5,1,1,5000000,16400000,14,525,0,40700000
3747,4,0,0,2300000,5500000,6,343,0,12000000
3748,0,0,1,3000000,11000000,16,331,0,21500000
3749,0,0,0,7900000,26200000,18,845,1,62600000
3750,2,1,0,2000000,6200000,16,696,1,11400000
3751,5,0,0,2700000,8700000,14,772,1,16300000
3752,3,1,1,6400000,15800000,18,628,1,39700000
3753,0,0,1,8200000,19100000,2,764,1,56300000
3754,1,1,0,2800000,6900000,14,553,1,16300000
3755,1,0,0,8900000,20000000,2,653,1,41000000
3756,1,0,0,5100000,20000000,4,506,1,43800000
3757,3,1,0,2800000,8500000,20,431,0,17900000
3758,2,0,1,6100000,12300000,18,697,1,39300000
3759,2,0,0,8400000,24500000,6,588,1,45600000
3760,1,0,0,1600000,5600000,6,846,1,9200000
3761,5,1,0,4100000,11000000,14,379,0,21800000
3762,1,0,0,300000,700000,10,745,1,1000000
3763,3,1,0,9600000,34500000,20,523,0,58300000
3764,4,1,1,8300000,25400000,4,624,1,57100000
3765,1,1,0,4600000,16700000,16,407,0,31600000
3766,3,0,1,5600000,11600000,12,756,1,31300000
3767,3,1,1,4100000,8300000,16,351,0,19400000
3768,3,0,0,3700000,13400000,18,373,0,18600000
3769,4,0,1,800000,2400000,2,461,1,5200000
3770,4,1,0,8100000,28100000,12,672,1,41500000
3771,2,1,1,2700000,9500000,10,434,0,14100000
3772,2,0,1,7000000,21400000,12,541,0,34400000
3773,3,0,1,8100000,29300000,2,413,1,55100000
3774,1,1,0,3200000,7600000,4,592,1,17200000
3775,4,0,1,400000,1400000,10,665,1,2300000
3776,1,1,0,7800000,23900000,4,313,1,51800000
3777,0,0,0,5800000,19600000,14,673,1,44800000
3778,0,0,1,2600000,6000000,8,382,0,13700000
3779,5,0,0,5400000,21100000,12,661,1,51700000
3780,3,1,1,600000,1700000,4,576,1,3100000
3781,1,1,0,600000,1200000,14,443,0,4700000
3782,5,1,1,9500000,21700000,16,307,0,68400000
3783,4,1,1,1900000,4800000,12,656,1,10200000
3784,1,1,1,9800000,21200000,4,885,1,82500000
3785,3,1,0,7800000,16600000,20,896,1,59200000
3786,5,0,0,4900000,14100000,2,802,1,29600000
3787,3,1,1,8300000,22700000,2,650,1,43400000
3788,4,0,1,3900000,8900000,10,665,1,27800000
3789,2,1,0,9000000,35700000,12,339,0,52100000
3790,1,0,0,9600000,32400000,20,447,0,58300000
3791,5,0,1,1000000,2400000,18,613,1,6100000
3792,5,1,0,2800000,7200000,16,424,0,15200000
3793,2,0,0,8300000,20800000,6,667,1,55600000
3794,4,0,1,6900000,18300000,18,715,1,31300000
3795,5,0,1,3800000,9100000,18,654,1,26200000
3796,2,0,0,8000000,17800000,20,549,0,50300000
3797,4,1,1,9800000,29700000,4,373,1,64400000
3798,0,1,1,2900000,7200000,16,332,0,20500000
3799,4,1,0,7900000,31500000,20,534,0,48900000
3800,3,0,0,4600000,17900000,8,396,0,29600000
3801,2,1,0,1000000,3700000,18,892,1,6500000
3802,5,1,0,9000000,21300000,14,602,1,57500000
3803,0,1,1,9400000,36100000,10,615,1,61500000
3804,5,1,1,7400000,23300000,20,482,0,55200000
3805,0,1,0,6600000,20100000,16,397,0,51800000
3806,0,0,0,1300000,3400000,10,464,0,6300000
3807,0,1,1,1100000,3400000,14,832,1,9400000
3808,5,1,0,9200000,34800000,12,802,1,65300000
3809,2,1,0,7000000,23900000,18,628,1,52400000
3810,4,1,0,5100000,18800000,10,694,1,29300000
3811,1,0,1,3200000,9300000,20,741,1,16500000
3812,1,0,1,3700000,10900000,14,748,1,23800000
3813,5,1,0,3600000,12800000,4,320,1,20900000
3814,1,1,0,5600000,11700000,10,774,1,34900000
3815,0,0,1,9500000,32000000,2,500,1,48100000
3816,4,0,0,1500000,4000000,18,706,1,8800000
3817,4,0,0,7400000,18300000,10,601,1,63900000
3818,2,1,0,6000000,17400000,16,806,1,27600000
3819,0,1,1,3000000,9600000,6,644,1,18100000
3820,4,1,1,6000000,12900000,14,723,1,20000000
3821,5,1,1,600000,1500000,12,509,0,4400000
3822,0,1,0,1800000,6600000,4,898,1,8500000
3823,2,1,1,5500000,12000000,2,567,1,30400000
3824,1,1,0,1000000,2100000,6,715,1,6500000
3825,2,0,1,1700000,3500000,10,854,1,12500000
3826,1,1,1,3400000,12300000,8,523,0,21700000
3827,1,1,1,9600000,35900000,8,534,0,79500000
3828,0,0,1,2600000,7600000,18,470,0,9800000
3829,1,1,0,1600000,3500000,18,619,1,11100000
3830,0,1,1,4300000,12800000,20,572,1,27900000
3831,3,1,0,1400000,3500000,16,365,0,9300000
3832,0,0,0,8000000,18000000,16,791,1,58200000
3833,4,0,1,5000000,18100000,12,424,0,27800000
3834,5,1,0,4500000,10200000,12,726,1,33200000
3835,1,1,0,3400000,9900000,2,736,1,23800000
3836,5,1,1,5700000,12800000,14,488,0,33300000
3837,2,0,1,2600000,7600000,10,400,0,22900000
3838,0,1,1,4500000,12200000,20,311,0,31300000
3839,2,0,1,5100000,16800000,2,504,1,30600000
3840,4,0,1,5100000,18600000,20,312,0,37600000
3841,5,1,1,1700000,6500000,14,587,1,10000000
3842,1,0,0,5200000,10500000,20,317,0,35600000
3843,4,0,0,8400000,29000000,2,463,1,40600000
3844,1,0,1,9000000,34000000,16,842,1,51900000
3845,4,1,1,3400000,11800000,20,616,1,21100000
3846,1,0,0,5400000,19400000,8,800,1,29400000
3847,0,1,1,700000,2100000,12,813,1,4200000
3848,2,1,0,7600000,24800000,12,564,1,51600000
3849,2,0,0,5000000,14700000,12,837,1,25900000
3850,5,0,1,2500000,9400000,16,735,1,13400000
3851,4,0,1,2000000,5200000,16,724,1,16400000
3852,5,0,0,9000000,23900000,12,658,1,48500000
3853,5,1,0,8300000,31800000,16,858,1,70500000
3854,0,0,1,3100000,8500000,8,614,1,20600000
3855,2,1,1,8500000,25600000,16,714,1,49100000
3856,2,1,1,1200000,4600000,20,605,1,10300000
3857,4,1,1,2800000,5500000,8,875,1,20200000
3858,5,1,1,2800000,10900000,6,359,0,18900000
3859,5,1,1,6500000,24100000,6,441,0,44200000
3860,4,1,0,8700000,25200000,18,790,1,60900000
3861,1,0,1,5400000,13600000,4,821,1,45800000
3862,2,0,0,8600000,33300000,16,375,0,67500000
3863,3,1,0,4700000,9600000,10,545,0,29700000
3864,5,0,1,1100000,3900000,4,891,1,5600000
3865,0,1,0,6400000,14000000,8,486,0,45400000
3866,0,1,0,4300000,9900000,4,696,1,33600000
3867,5,0,1,2900000,11100000,4,683,1,18300000
3868,5,0,0,9600000,27100000,8,594,1,70200000
3869,3,0,1,900000,2500000,20,529,0,5100000
3870,5,0,0,8100000,26300000,4,429,1,41200000
3871,0,0,1,8800000,25000000,4,400,0,48300000
3872,0,1,0,8800000,17500000,4,848,1,70300000
3873,1,0,0,6400000,21500000,6,489,0,32700000
3874,2,1,0,2900000,6600000,10,326,0,21600000
3875,5,1,0,1600000,6100000,8,663,1,12300000
3876,1,0,0,1600000,5100000,18,729,1,11600000
3877,2,1,1,3100000,10700000,4,398,1,15500000
3878,2,0,1,5600000,16700000,14,856,1,30500000
3879,3,1,1,8100000,19900000,20,347,0,72500000
3880,3,0,0,9100000,19300000,12,696,1,77300000
3881,0,1,1,5500000,17100000,8,353,0,22900000
3882,1,1,1,9700000,34300000,20,756,1,75100000
3883,4,1,0,2300000,5400000,16,490,0,17500000
3884,1,0,1,5600000,18000000,10,531,0,43700000
3885,2,0,1,4500000,16600000,4,679,1,30100000
3886,1,1,1,500000,1800000,8,877,1,2000000
3887,0,1,0,4200000,11000000,20,817,1,26900000
3888,1,0,0,9100000,23300000,18,792,1,57900000
3889,4,1,1,3200000,12800000,18,664,1,19400000
3890,4,1,1,6200000,21300000,16,882,1,32300000
3891,3,0,1,2500000,7700000,10,768,1,15500000
3892,0,1,0,9100000,27100000,12,787,1,71500000
3893,3,1,1,500000,900000,12,538,0,2500000
3894,4,0,0,6900000,18000000,8,347,0,52700000
3895,0,1,1,1800000,5200000,16,317,0,11700000
3896,0,1,1,4000000,14500000,2,713,1,28000000
3897,1,0,0,3900000,12300000,10,683,1,15800000
3898,2,0,1,8000000,28100000,18,765,1,60400000
3899,5,1,0,900000,3200000,10,803,1,6400000
3900,0,1,1,8200000,29700000,6,405,0,34300000
3901,5,1,0,2300000,4900000,4,529,0,21300000
3902,5,1,1,6900000,19400000,6,801,1,42000000
3903,3,0,0,8800000,30700000,12,707,1,55900000
3904,1,1,0,2600000,7200000,8,349,0,19700000
3905,1,1,0,3700000,8700000,20,885,1,23200000
3906,2,1,1,6200000,23800000,4,489,1,35000000
3907,3,1,1,1000000,2600000,6,341,0,9300000
3908,1,0,0,6000000,20000000,12,637,1,43700000
3909,1,0,1,9100000,31400000,4,304,1,70600000
3910,1,1,0,1700000,6700000,16,537,0,11800000
3911,5,0,1,1700000,4600000,12,503,0,9100000
3912,1,1,0,7100000,14300000,12,720,1,40800000
3913,5,1,0,9400000,36800000,10,509,0,56800000
3914,5,0,0,6200000,16400000,6,360,0,36800000
3915,1,1,0,8300000,31800000,16,818,1,71500000
3916,1,1,1,8900000,21200000,8,716,1,46300000
3917,1,1,1,6500000,14800000,12,360,0,27900000
3918,3,1,1,8100000,26700000,10,895,1,41900000
3919,2,0,0,4900000,13500000,8,328,0,40300000
3920,4,1,0,9100000,26600000,2,812,1,78700000
3921,3,1,1,9000000,33100000,16,456,0,63900000
3922,4,1,1,1300000,3900000,16,566,1,5900000
3923,1,0,0,6700000,25000000,20,598,1,38800000
3924,5,0,0,3200000,9300000,6,656,1,27100000
3925,0,0,0,7500000,28700000,2,895,1,34800000
3926,3,1,0,4900000,12800000,14,653,1,28500000
3927,1,0,1,700000,1800000,16,641,1,5000000
3928,2,1,0,6400000,16500000,8,544,0,39000000
3929,0,0,1,3900000,14100000,20,811,1,25100000
3930,4,1,0,9700000,26900000,10,460,0,56000000
3931,5,1,1,3600000,12500000,12,795,1,29200000
3932,2,1,1,3400000,10300000,4,745,1,22800000
3933,0,0,0,9800000,20100000,16,606,1,53000000
3934,1,0,0,5100000,14200000,6,451,0,30700000
3935,4,1,1,5900000,11800000,8,479,0,31800000
3936,5,1,0,1200000,2400000,14,495,0,9000000
3937,2,0,0,9700000,30200000,14,769,1,71200000
3938,5,0,1,4700000,11800000,4,639,1,19200000
3939,5,1,0,4200000,12500000,18,723,1,20500000
3940,4,1,0,9300000,26100000,16,623,1,54000000
3941,3,0,1,5300000,20800000,6,487,0,35800000
3942,0,1,0,7600000,30100000,2,743,1,66600000
3943,2,1,0,6200000,16900000,12,754,1,29700000
3944,0,1,0,8900000,21600000,10,552,1,44800000
3945,4,0,1,7900000,27300000,10,560,1,76900000
3946,1,1,1,3500000,10800000,14,632,1,23500000
3947,2,1,0,5300000,16700000,18,339,0,24000000
3948,2,0,0,1400000,3100000,4,881,1,10200000
3949,1,0,1,9100000,23600000,20,535,0,51300000
3950,4,0,0,4400000,17200000,4,563,1,23400000
3951,5,0,0,2800000,8200000,14,615,1,20100000
3952,3,0,0,1300000,3300000,8,795,1,8400000
3953,4,1,0,8400000,28700000,14,878,1,64200000
3954,5,1,1,5300000,14000000,6,633,1,35200000
3955,2,1,0,6000000,13900000,4,533,0,31300000
3956,2,0,1,2100000,6800000,12,795,1,17600000
3957,0,0,0,4300000,11000000,4,374,0,28400000
3958,4,0,1,7300000,22900000,12,848,1,41800000
3959,2,1,0,5200000,16200000,12,890,1,39800000
3960,3,1,0,4700000,9800000,14,444,0,28000000
3961,4,1,0,7800000,28500000,4,803,1,57700000
3962,3,1,1,500000,1900000,18,618,1,1900000
3963,1,0,1,6000000,20300000,14,845,1,45200000
3964,4,1,0,4800000,10800000,12,833,1,30500000
3965,3,1,1,8900000,19300000,12,767,1,46600000
3966,1,1,1,1800000,4000000,16,747,1,6400000
3967,2,1,0,3000000,7000000,4,588,1,24000000
3968,4,0,0,7700000,24500000,20,582,1,52000000
3969,1,0,0,8300000,20400000,14,348,0,51900000
3970,4,0,0,4200000,9400000,4,726,1,39700000
3971,4,1,1,8000000,31200000,6,482,0,59200000
3972,2,1,1,9400000,30000000,16,565,1,42300000
3973,1,1,0,800000,2400000,16,872,1,6400000
3974,0,1,1,500000,1300000,4,825,1,2600000
3975,2,1,1,6100000,22300000,8,694,1,57200000
3976,3,1,1,8500000,30800000,20,448,0,55200000
3977,5,1,1,7600000,18000000,12,452,0,40700000
3978,3,0,0,8700000,17900000,12,897,1,64000000
3979,4,0,0,9400000,20200000,10,803,1,65000000
3980,1,0,1,400000,900000,8,828,1,2900000
3981,0,1,0,2700000,7500000,6,832,1,21400000
3982,1,0,1,2300000,5500000,6,861,1,9200000
3983,0,1,0,7500000,15900000,2,535,0,51300000
3984,4,0,1,7100000,19400000,16,363,0,47100000
3985,1,0,1,8800000,28600000,8,631,1,56900000
3986,2,0,0,8400000,20700000,6,513,0,43600000
3987,0,1,1,4700000,16200000,16,317,0,25000000
3988,1,1,0,6900000,19500000,2,809,1,48900000
3989,3,0,0,2400000,8200000,10,531,0,16400000
3990,1,0,1,1600000,4800000,14,544,0,9800000
3991,0,1,0,3500000,7800000,14,366,0,28000000
3992,0,0,0,3700000,12700000,14,797,1,18400000
3993,1,0,0,3200000,12000000,16,597,1,18600000
3994,2,0,1,7000000,22500000,12,632,1,42400000
3995,5,0,0,9300000,28300000,12,741,1,58100000
3996,0,0,0,200000,800000,20,331,0,900000
3997,4,1,0,6900000,16500000,8,426,0,36400000
3998,3,0,0,9000000,26500000,8,533,0,63300000
3999,1,0,0,6900000,22700000,16,394,0,44200000
4000,0,1,0,7500000,25100000,14,877,1,60000000
4001,5,0,0,9200000,28000000,8,527,0,57200000
4002,1,1,0,4600000,12700000,8,468,0,28800000
4003,4,1,1,5000000,19600000,18,611,1,36800000
4004,2,1,0,4500000,17200000,6,832,1,28800000
4005,0,1,0,7900000,22700000,18,508,0,54100000
4006,5,0,0,5100000,13500000,20,840,1,25900000
4007,4,1,0,3700000,7600000,14,794,1,33400000
4008,1,0,0,5300000,17800000,12,889,1,37500000
4009,4,0,0,200000,500000,16,765,1,1400000
4010,3,1,1,9000000,18600000,16,518,0,75200000
4011,3,0,0,6900000,17100000,4,694,1,43300000
4012,2,0,0,700000,2300000,8,663,1,5000000
4013,0,1,0,2500000,8900000,2,662,1,18800000
4014,0,0,0,4600000,14400000,14,642,1,34700000
4015,4,1,0,1000000,3900000,10,701,1,8100000
4016,4,0,1,9200000,30100000,6,632,1,70700000
4017,3,1,1,2200000,4400000,2,861,1,10700000
4018,4,1,1,9700000,33300000,12,784,1,74800000
4019,0,1,1,5500000,18200000,4,332,1,34100000
4020,4,0,1,1300000,3400000,2,763,1,10500000
4021,1,0,1,7900000,19100000,2,593,1,66900000
4022,2,0,0,4300000,8800000,6,512,0,33300000
4023,0,0,0,3800000,13300000,6,655,1,20800000
4024,3,0,0,8700000,24700000,8,369,0,40700000
4025,3,1,0,1300000,3100000,14,348,0,6600000
4026,1,0,1,6800000,16800000,10,736,1,34000000
4027,1,0,0,9100000,24000000,20,353,0,71300000
4028,0,1,0,3000000,11300000,16,478,0,19400000
4029,0,0,1,1200000,3000000,4,827,1,7600000
4030,1,0,1,5000000,16900000,12,517,0,24600000
4031,5,1,1,9700000,24700000,18,648,1,47700000
4032,2,0,1,7000000,23800000,10,689,1,37300000
4033,1,1,0,4100000,9100000,20,550,1,30700000
4034,0,1,1,5300000,12900000,20,826,1,39500000
4035,1,0,0,7300000,19200000,14,599,1,43400000
4036,1,1,0,6500000,18500000,16,815,1,33700000
4037,4,1,1,600000,1400000,4,761,1,3700000
4038,3,0,1,5200000,15000000,20,432,0,32600000
4039,4,0,1,2800000,9200000,18,442,0,20300000
4040,1,1,1,7800000,23300000,6,620,1,35400000
4041,2,1,0,3000000,6500000,4,476,0,19100000
4042,4,1,0,9300000,34900000,6,837,1,58100000
4043,3,0,1,5100000,18000000,6,510,0,44800000
4044,4,0,1,4300000,16100000,18,849,1,33900000
4045,3,1,0,1100000,2100000,8,737,1,8300000
4046,2,1,0,6500000,16200000,10,809,1,40500000
4047,3,0,0,6400000,23000000,8,520,0,43300000
4048,2,0,0,7400000,22500000,16,834,1,40700000
4049,4,1,0,8700000,32100000,8,397,0,65400000
4050,0,0,0,9200000,24700000,14,438,0,52100000
4051,1,1,1,6200000,19700000,18,820,1,34900000
4052,1,0,0,1200000,4600000,20,323,0,7700000
4053,1,0,1,7000000,20300000,14,837,1,35100000
4054,5,1,1,3800000,10100000,2,571,1,29900000
4055,0,1,0,4900000,16300000,14,479,0,29300000
4056,2,1,1,7800000,22100000,6,533,0,44500000
4057,1,0,1,7400000,17200000,8,899,1,46800000
4058,1,0,0,7000000,26600000,16,460,0,56100000
4059,1,0,0,4900000,12500000,2,636,1,39500000
4060,3,0,0,5800000,20600000,20,434,0,40700000
4061,5,0,0,2000000,6900000,18,516,0,16100000
4062,4,1,0,8300000,24600000,2,382,0,25900000
4063,0,1,1,1000000,2800000,12,616,1,6000000
4064,3,1,0,5500000,11600000,6,745,1,35600000
4065,5,1,0,1400000,3400000,6,697,1,8700000
4066,4,1,0,3700000,12300000,6,364,0,28200000
4067,2,0,1,2100000,6900000,2,566,1,11300000
4068,4,0,0,6200000,21900000,12,462,0,36300000
4069,0,0,0,9300000,31900000,2,331,1,50000000
4070,3,0,1,5100000,10300000,12,839,1,37000000
4071,0,1,1,7000000,14000000,4,702,1,41100000
4072,3,1,1,5300000,17900000,2,580,1,31800000
4073,3,1,0,900000,2800000,10,560,1,6200000
4074,4,0,1,9400000,25700000,14,845,1,70100000
4075,4,0,1,2600000,8500000,4,392,1,17300000
4076,2,1,0,1500000,4900000,16,387,0,7300000
4077,1,1,1,1800000,6300000,12,749,1,10900000
4078,3,1,1,7800000,20000000,14,727,1,37700000
4079,3,1,1,2100000,7400000,14,656,1,14000000
4080,0,0,1,8300000,17500000,20,643,1,57600000
4081,2,0,1,4400000,16800000,4,307,1,35500000
4082,2,0,0,2300000,5000000,16,588,1,14000000
4083,3,1,1,7700000,22300000,20,895,1,68500000
4084,0,0,1,9300000,29400000,10,351,0,72900000
4085,5,0,0,5900000,16400000,12,891,1,44900000
4086,5,0,1,1900000,4900000,4,442,0,12000000
4087,0,0,0,6900000,19500000,20,686,1,33600000
4088,4,1,1,2100000,8200000,20,432,0,13500000
4089,0,0,0,8200000,20900000,14,766,1,47200000
4090,4,0,0,7700000,17200000,6,561,1,33200000
4091,5,0,0,7700000,19000000,2,539,0,51900000
4092,1,1,0,700000,1400000,6,759,1,4800000
4093,5,1,0,7100000,18200000,8,750,1,55000000
4094,2,1,0,3900000,13600000,10,373,0,24600000
4095,1,0,1,5200000,20500000,10,407,0,26500000
4096,4,0,0,5500000,20200000,14,611,1,41700000
4097,3,1,0,2600000,6300000,10,783,1,18000000
4098,0,0,1,7300000,24000000,18,651,1,40800000
4099,3,1,0,8700000,31100000,16,760,0,26300000
4100,3,1,0,9000000,22700000,16,793,1,64500000
4101,4,1,0,400000,800000,16,685,1,2700000
4102,2,0,1,3300000,10700000,8,806,1,22700000
4103,1,0,0,6300000,17800000,12,770,1,29200000
4104,0,0,0,7000000,23600000,14,663,1,51400000
4105,2,1,1,2100000,8100000,4,592,1,15100000
4106,3,0,0,7600000,26300000,18,580,1,64300000
4107,1,1,0,8200000,17500000,4,609,1,41900000
4108,3,0,1,9200000,23200000,8,380,0,53600000
4109,3,1,0,3800000,12100000,20,364,0,23800000
4110,1,1,0,3200000,8900000,12,866,1,18100000
4111,4,0,0,9700000,31700000,10,342,0,49500000
4112,5,1,0,4700000,14400000,16,884,1,27400000
4113,4,1,1,3800000,12500000,18,859,1,19400000
4114,4,1,0,400000,1000000,20,692,1,2700000
4115,4,0,1,3200000,6800000,16,675,1,20700000
4116,5,1,1,3900000,12700000,8,886,1,29600000
4117,1,1,1,3500000,13100000,10,477,0,20000000
4118,2,1,0,2200000,8300000,6,596,1,18000000
4119,4,0,0,6400000,19700000,20,400,0,34700000
4120,3,1,0,9100000,19900000,2,711,1,57400000
4121,0,0,1,3300000,8900000,2,418,0,23200000
4122,3,1,0,7800000,21800000,8,517,0,41400000
4123,0,0,1,6200000,16200000,6,508,0,36400000
4124,3,0,1,7000000,26100000,18,689,1,49300000
4125,0,1,0,9200000,28200000,12,455,0,66200000
4126,5,0,1,7500000,20800000,6,617,1,41800000
4127,2,1,0,5300000,13200000,10,500,0,37800000
4128,5,0,1,6800000,22800000,14,382,0,45800000
4129,1,0,0,7900000,20800000,18,538,0,60200000
4130,0,0,1,6200000,14900000,8,855,1,29500000
4131,1,1,0,1000000,3000000,18,614,1,7900000
4132,2,1,1,7800000,25400000,10,513,0,56000000
4133,5,1,1,3000000,8800000,14,402,0,23700000
4134,5,1,1,5700000,15000000,20,819,1,42800000
4135,4,0,0,6600000,25400000,12,622,1,40100000
4136,4,1,1,7100000,18200000,4,790,1,39800000
4137,3,1,1,1300000,4800000,14,808,1,11700000
4138,2,0,0,5200000,16800000,18,369,0,37800000
4139,3,1,0,5600000,20300000,4,330,1,40700000
4140,2,1,0,7100000,16500000,14,857,1,41100000
4141,2,1,0,5100000,19100000,8,457,0,42300000
4142,3,0,1,7600000,29300000,8,843,1,58500000
4143,0,1,1,2500000,5400000,6,463,0,15400000
4144,3,1,0,6900000,22800000,16,582,1,47800000
4145,0,1,0,3100000,6500000,2,391,0,16200000
4146,2,1,1,9700000,35100000,20,612,1,71600000
4147,0,0,1,5800000,12600000,2,859,1,43900000
4148,4,0,0,7600000,18600000,18,779,1,39900000
4149,5,0,0,700000,2800000,2,561,1,4000000
4150,3,1,0,2300000,5600000,18,420,0,10700000
4151,3,0,0,1600000,3300000,8,609,1,11600000
4152,4,0,0,8100000,19300000,14,821,1,59100000
4153,1,1,0,7700000,17100000,14,603,1,60600000
4154,4,1,0,1500000,3400000,10,778,1,10300000
4155,3,0,0,7400000,23500000,2,460,1,67900000
4156,4,0,1,8900000,27100000,18,363,0,55500000
4157,0,1,0,2400000,5300000,16,482,0,20700000
4158,5,1,0,5600000,20300000,4,772,1,37800000
4159,4,1,0,5900000,14400000,6,745,1,39900000
4160,1,1,0,1600000,3300000,2,513,0,8500000
4161,5,0,0,1100000,4000000,2,362,1,7700000
4162,2,1,1,6600000,25600000,6,740,1,40900000
4163,3,1,0,8900000,24400000,10,774,1,56000000
4164,1,1,1,6400000,16400000,20,555,1,36000000
4165,4,0,1,8200000,17300000,12,588,1,36400000
4166,1,1,0,500000,1300000,14,619,1,4100000
4167,0,1,0,9700000,31600000,18,607,1,72100000
4168,3,0,1,7100000,16700000,4,435,0,41800000
4169,4,0,1,1400000,3400000,14,835,1,9400000
4170,1,0,0,7200000,28100000,14,767,1,51900000
4171,1,1,1,8400000,26200000,14,643,1,55700000
4172,4,0,0,4300000,13900000,2,894,1,22100000
4173,0,0,1,8800000,29800000,8,343,0,70400000
4174,4,0,0,4000000,15100000,8,800,1,32200000
4175,3,0,1,6900000,17900000,18,494,0,43000000
4176,4,1,0,9600000,33000000,14,336,0,49300000
4177,2,0,0,6900000,16500000,16,785,1,58900000
4178,1,0,1,3600000,13400000,16,732,1,22500000
4179,2,0,0,1900000,4600000,12,587,1,10200000
4180,3,0,1,9700000,30800000,18,471,0,64200000
4181,2,0,0,1200000,4100000,8,497,0,8400000
4182,1,0,0,400000,1600000,16,784,1,2300000
4183,2,1,0,6600000,21500000,18,471,0,45400000
4184,2,1,0,1500000,3300000,4,763,1,7600000
4185,4,0,0,3500000,9500000,2,655,1,29000000
4186,3,0,1,4000000,8600000,4,667,1,36600000
4187,3,0,0,4100000,14100000,8,367,0,15900000
4188,4,1,0,5800000,18500000,16,436,0,30500000
4189,4,1,1,8600000,23300000,12,785,1,50600000
4190,2,1,0,4500000,11400000,10,388,0,31800000
4191,2,1,1,9900000,37300000,8,385,0,43100000
4192,1,0,1,3200000,8100000,10,670,1,24000000
4193,5,1,1,8900000,19100000,20,329,0,64200000
4194,5,0,1,2100000,4900000,12,651,1,12500000
4195,1,1,0,7100000,26000000,16,727,1,41600000
4196,2,1,1,7800000,28900000,14,646,1,32300000
4197,3,0,1,8600000,23200000,12,894,1,69700000
4198,3,1,1,5100000,17000000,10,477,0,25000000
4199,5,0,0,600000,2000000,20,811,1,3200000
4200,0,1,1,6600000,21200000,18,377,0,34900000
4201,0,0,1,4700000,17000000,18,802,1,25700000
4202,2,1,1,7700000,19700000,14,885,1,64500000
4203,4,1,1,6400000,21900000,6,437,0,45700000
4204,2,1,0,1100000,2500000,20,615,1,8100000
4205,2,0,0,8900000,17800000,20,603,1,63000000
4206,0,0,1,2100000,8300000,20,765,1,13300000
4207,4,0,1,2300000,5800000,8,469,0,20600000
4208,3,1,0,8300000,17700000,16,848,1,36200000
4209,4,1,0,900000,2700000,20,327,0,5000000
4210,3,0,1,9200000,35000000,4,716,1,56300000
4211,3,1,0,9800000,28300000,2,715,1,67100000
4212,0,0,0,200000,600000,12,683,1,1000000
4213,2,0,1,3200000,9700000,6,737,1,23100000
4214,5,0,0,7800000,27000000,6,728,1,43400000
4215,1,1,0,8300000,30000000,18,350,0,56800000
4216,1,1,1,2100000,5200000,14,802,1,9600000
4217,5,0,1,400000,1400000,4,483,1,2700000
4218,3,1,1,7700000,21800000,18,684,1,21800000
4219,4,1,1,5600000,16500000,20,692,1,47700000
4220,0,1,0,8400000,31000000,4,783,1,69800000
4221,3,1,1,1300000,4300000,18,412,0,7900000
4222,0,0,0,8700000,30200000,10,447,0,63300000
4223,0,0,0,2700000,8400000,14,610,1,11700000
4224,5,1,1,800000,1800000,8,881,1,4400000
4225,5,1,1,3800000,10300000,16,606,1,22200000
4226,5,1,1,700000,2600000,2,869,1,3500000
4227,4,1,1,400000,1400000,2,496,1,2100000
4228,1,1,1,3200000,9300000,6,483,0,20000000
4229,3,1,0,7500000,22200000,8,741,1,42100000
4230,2,0,0,3700000,13500000,4,820,1,25600000
4231,5,1,0,3300000,9100000,18,697,1,24500000
4232,1,1,1,200000,500000,20,713,1,800000
4233,1,0,0,7100000,17000000,6,754,1,35400000
4234,3,0,1,1500000,5100000,14,837,1,9800000
4235,0,0,0,3000000,6500000,2,691,1,23700000
4236,3,1,1,1900000,5300000,12,436,0,13400000
4237,0,0,0,9100000,30100000,8,322,0,60400000
4238,0,0,0,2200000,7500000,2,333,1,11700000
4239,0,0,1,8400000,23000000,14,455,0,53000000
4240,1,1,1,400000,700000,10,787,1,3300000
4241,2,1,1,5600000,15800000,16,748,1,38400000
4242,5,0,1,8200000,27100000,4,643,1,48500000
4243,0,0,1,1600000,3400000,8,867,1,8200000
4244,3,0,0,1800000,5600000,20,860,1,8800000
4245,5,0,1,6500000,23900000,2,507,1,34600000
4246,1,1,1,3100000,11500000,4,871,1,14600000
4247,3,0,0,3100000,9800000,12,820,1,26900000
4248,4,1,1,5300000,14500000,4,352,0,31500000
4249,4,1,0,1100000,4000000,14,887,1,9700000
4250,1,1,1,6000000,13400000,12,731,1,33800000
4251,0,1,1,6100000,14600000,18,645,1,42300000
4252,3,0,0,4100000,14100000,10,300,0,20300000
4253,5,1,1,7000000,26200000,12,896,1,49000000
4254,0,0,1,8900000,27700000,6,372,0,72900000
4255,4,1,0,4800000,12000000,6,441,0,31100000
4256,3,1,1,7400000,18300000,4,348,0,54600000
4257,0,1,0,9700000,27500000,18,343,0,58100000
4258,5,1,1,9700000,22600000,16,346,0,76200000
4259,0,0,1,4500000,11500000,14,509,0,37000000
4260,5,1,0,8800000,29300000,10,560,1,71700000
4261,3,1,1,3000000,7500000,6,881,1,14300000
4262,5,1,0,1300000,3000000,20,540,0,8400000
4263,3,1,0,5000000,12700000,14,865,1,38600000
4264,5,1,1,1000000,2300000,12,317,0,7400000
4265,0,0,1,3300000,11300000,20,559,1,20000000
4266,2,0,0,6500000,23900000,18,457,0,39000000
4267,1,0,0,4100000,12800000,8,780,1,28800000
4268,1,1,0,9200000,29700000,10,607,1,77300000
